id_grupo_pesquisa,codigo,base_pesquisa,home_page,id_coordenador,coordenador,area_conhecimento_cnpq,situacao
117638784,GEN507-19,"Ação, mediação e transformação - Metodologias ativas da Educação Básica ao Ensino Superior",Sem home page,5755991,FLAVIO BOLEIZ JUNIOR,Educação,EM CONSOLIDACÃO
104369502,GEC385-15,ACEFALO (Agenciamento Coletivo de Estudos em Filosofia da Arte e da Literatura),Sem home page,5752753,EDUARDO ANIBAL PELLEJERO,Filosofia,EM CONSOLIDACÃO
2624457,GED239-10,Ações promocionais e de atenção a grupos humanos em Saúde Mental e Saúde Coletiva,Sem home page,21986,FRANCISCO ARNOLDO NUNES DE MIRANDA,Enfermagem,CONSOLIDADO
109,GCG111-04,AGROECOLOGIA E DESENVOLVIMENTO SUSTENTÁVEL NO SEMIÁRIDO (CAATINGUEIROS),Sem home page,5753095,REBECCA LUNA LUCENA,Zootecnia,CONSOLIDADO
107,GCD109-01,"ALIMENTOS, NUTRIÇÃO E SAÚDE",Sem home page,26173,KARINE CAVALCANTI MAURICIO DE SENA EVANGELISTA,Nutrição,CONSOLIDADO
90843219,GEA282-12,"Alterações morfológicas, modulação farmacêutica e nanomedicina",Sem home page,2260569,RAIMUNDO FERNANDES DE ARAUJO JUNIOR,Morfologia,CONSOLIDADO
117164669,GEE404-16,"Ambiente, Turismo e Sustentabilidade",Sem home page,5751848,KETTRIN FARIAS BEM MARACAJA,Turismo,EM CONSOLIDACÃO
116503006,GEB505-19,Análise Funcional,Sem home page,26132,MARCELO GOMES PEREIRA,Matemática,EM CONSOLIDACÃO
132147585,GEB531-19,ANÁLISE MATEMÁTICA: SOB A PERSPECTIVA DA EDUCAÇÃO MATEMÁTICA,Sem home page,5755416,JAQUES SILVEIRA LOPES,Métodos e Técnicas de Ensino,EM CONSOLIDACÃO
56,GCC055-05,Análise textual dos discursos em Educação,Sem home page,15562,JOAO GOMES DA SILVA NETO,"Linguística, Letras e Artes",CONSOLIDADO
50801233,GEI251-10,Aquicultura Sustentável Nordeste - AquiS - NE,Sem home page,5752882,DÁRLIO INÁCIO ALVES TEIXEIRA,Ciências Agrárias,CONSOLIDADO
127869335,GEN520-19,Arte e Infância,Sem home page,23115,GILVANIA MAURICIO DIAS DE PONTES,Métodos e Técnicas de Ensino,EM CONSOLIDACÃO
74,GCB074-90,ASTROFÍSICA E COSMOLOGIA,Sem home page,64310,JOSE DIAS DO NASCIMENTO JUNIOR,Astronomia,CONSOLIDADO
84685637,GED258-11,"Atenção à Saúde Infanto Juvenil, Mulher e Homem",Sem home page,3029409,NILBA LIMA DE SOUZA,Enfermagem,CONSOLIDADO
105,GCD107-01,ATENÇÃO INTEGRAL À SAÚDE DA CRIANÇA E DO ADOLESCENTE,Sem home page,23117,HELCIO DE SOUSA MARANHAO,Medicina,CONSOLIDADO
89008594,GED277-11,Atividade Física e Exercício em Populações Especiais,Sem home page,5753703,JONATAS DE FRANCA BARROS,Ciências da Saúde,EM CONSOLIDACÃO
911028,GED177-06,Atividade Física e Saúde,Sem home page,5752155,PAULO MOREIRA SILVA DANTAS,Educação Física,CONSOLIDADO
126577378,GED495-18,Audição e linguagem na infância,Sem home page,5758542,ANA MANHANI CACERES ASSENCO,Fonoaudiologia,EM CONSOLIDACÃO
31,GCG030-00,AUTOMAÇÃO INDUSTRIAL E CONTROLE DE PROCESSOS,Sem home page,18679,ALDAYR DANTAS DE ARAUJO,Engenharia Elétrica,CONSOLIDADO
4831999,GED248-10,Avaliação e Intervenção Fisioterapêutica nos Sistemas Respiratórios e Cardiovascular,Sem home page,2261772,GUILHERME AUGUSTO DE FREITAS FREGONEZI,Fisioterapia e Terapia Ocupacional,EM CONSOLIDACÃO
107233149,GED453-17,Avaliação e Reabilitação nas Doenças Crônicas não Transmissíveis (DCNT),Sem home page,5756626,VANESSA REGIANE RESQUETI FREGONEZI,Fisioterapia e Terapia Ocupacional,EM CONSOLIDACÃO
38,GCE037-00,BASE DE ESTUDOS E PESQUISAS EM ESTRATÉGIAS E POLÍTICAS DE GESTÃO,Sem home page,20238,MIGUEL EDUARDO MORENO ANEZ,Ciências Sociais Aplicadas,CONSOLIDADO
9,GCA008-90,BASE DE PESQUISA: ECOLOGIA E AQÜICULTURA DOS SERES AQUÁTICOS - RN,Sem home page,17897,SATHYABAMA CHELLAPPA,Ciências Biológicas,CONSOLIDADO
69,GCD069-00,BASE DE PESQUISA EM CIRURGIA EXPERIMENTAL,Sem home page,17274,ALDO DA CUNHA MEDEIROS,Ciências da Saúde,CONSOLIDADO
912310,GCC163-06,Base de Pesquisa em Estudos Urbanos e Regionais,Sem home page,19055,RITA DE CASSIA DA CONCEICAO GOMES,Ciências Humanas,CONSOLIDADO
85,GCB085-87,BASE DE PESQUISA EM GEODINÂMICA,www,21727,ZORANO SERGIO DE SOUZA,Ciências Exatas e da Terra,CONSOLIDADO
86,GCB086-87,BASE DE PESQUISA EM GEOFÍSICA,Sem home page,16903,JOSE WILSON DE PAIVA MACEDO,Ciências Exatas e da Terra,CONSOLIDADO
911651,GCB153-04,Base de Pesquisa em Métodos Estatísticos,http://www.estatistica.ccet.ufrn.br/,5752668,ANTONIO HERMES MARQUES DA SILVA JUNIOR,Probabilidade e Estatística,CONSOLIDADO
24,GCG023-94,BASE DE PESQUISA EM TECNOLOGIA DE ALIMENTOS,Sem home page,24047,ROBERTA TARGINO HOSKIN,Ciência e Tecnologia de Alimentos,CONSOLIDADO
46,GCE045-98,Base de Pesquisa Estudos Histórico-Educacionais,Sem home page,18387,MARTA MARIA DE ARAUJO,Educação,CONSOLIDADO
130,GCC131-02,BASE DE PESQUISA FORMAÇÃO DA LITERATURA BRASILEIRA,Sem home page,23684,MARCOS FALCHERO FALLEIROS,"Linguística, Letras e Artes",CONSOLIDADO
14,GCF013-00,"BASE DE PESQUISA SEMI-ÁRIDO: NATUREZA, HISTÓRIA E SOCIEDADE",Sem home page,23080,DOUGLAS ARAUJO,Ciências Humanas,CONSOLIDADO
45,GCE044-00,BASE DE PESQUISA SOBRE EDUCAÇÃO DE PESSOAS COM NECESSIDADES ESPECIAIS,Sem home page,22790,LUCIA DE ARAUJO RAMOS MARTINS,Ciências Humanas,CONSOLIDADO
911029,GEE178-05,Base Interdisciplinar de Pesquisa em Turismo e Sociedade,Sem home page,22774,MARIA APARECIDA PONTES DA FONSECA,Ciências Sociais Aplicadas,CONSOLIDADO
71,GCD071-00,BIOANÁLISES,Sem home page,21848,VALERIA SORAYA DE FARIAS SALES,Farmácia,CONSOLIDADO
129130931,GED464-18,Biodiversidade para Alimentação e Nutrição,Sem home page,5758828,MICHELLE CRISTINE MEDEIROS JACOB,Saúde Pública,EM CONSOLIDACÃO
127559607,GEA519-19,Bioelegans,Sem home page,5756884,RIVA DE PAULA OLIVEIRA,Mutagenese,EM CONSOLIDACÃO
17801150,GEA224-09,BIOLOGIA CRANIOFACIAL,Sem home page,26065,CARLOS AUGUSTO GALVAO BARBOZA,Odontologia,CONSOLIDADO
50801294,GEA252-10,Biologia de doenças infecciosas e autoimunes,Sem home page,5752999,PAULO MARCOS DA MATTA GUEDES,Parasitologia,EM CONSOLIDACÃO
12,GCA011-04,BIOLOGIA DO CANCER E DE DOENÇAS INFECCIOSAS,Sem home page,24343,ROSELY DE VASCONCELLOS MEISSNER,Ciências Biológicas,CONSOLIDADO
8,GCA007-95,Biologia e Imunologia de Doenças Infecciosas e Tropicais,Sem home page,21744,SELMA MARIA BEZERRA JERONIMO,Ciências Biológicas,CONSOLIDADO
135476589,GEE554-19,"Biologia molecular aplicada ao estudo, identificação e controle de patógenos.",Sem home page,5754348,DANIEL CARLOS FERREIRA LANZA,Biologia Molecular,CONSOLIDADO
10,GCA009-95,Biologia molecular e genômica,Sem home page,23019,LUCYMARA FASSARELLA AGNEZ LIMA,Genética,CONSOLIDADO
135692205,GEE552-19,Biologia molecular e genômica,Sem home page,23019,LUCYMARA FASSARELLA AGNEZ LIMA,Genética Molecular e de Microorganismos,CONSOLIDADO
6,GCA005-93,BIOQUÍMICA DA NUTRIÇÃO,Sem home page,26020,JACIRA MARIA ANDRADE DE SOUSA,Ciências Biológicas,CONSOLIDADO
88197461,GEC272-11,Bioquímica dos Alimentos e da Nutrição,Sem home page,5752993,KARLA DANIELLY DA SILVA RIBEIRO RODRIGUES,Bioquímica,CONSOLIDADO
135,GCB135-02,CADEIAS DE MARKOV,Sem home page,23039,ANDRE GUSTAVO CAMPOS PEREIRA,Probabilidade e Estatística,CONSOLIDADO
66,GCD066-94,"CALEIDOSCÓPIO: Laboratório de Pesquisa em Educação, Trabalho, Saúde e Enfermagem",Sem home page,23814,SORAYA MARIA DE MEDEIROS,Enfermagem,CONSOLIDADO
124438853,GEG440-17,CANTEIRO - Tecnologia e Gestão da Construção,Sem home page,5758421,REYMARD SAVIO SAMPAIO DE MELO,Engenharia Civil,EM CONSOLIDACÃO
129145403,GEA481-18,Caracterização e análise de padrões da dinâmica temporal de sinais fisiológicos.,Sem home page,5753020,GUSTAVO ZAMPIER DOS SANTOS LIMA,Biofísica de Processos e Sistemas,EM CONSOLIDACÃO
13237740,GEC198-08,"CARTOGRAFIAS CONTEMPORÂNEAS: HISTÓRIA, ESPAÇOS, PRODUÇÃO DE SUBJETIVIDADES E PRÁTICAS INSTITUCIONAIS",Sem home page,15556,DURVAL MUNIZ DE ALBUQUERQUE JUNIOR,Ciências Humanas,CONSOLIDADO
119712624,GEE426-17,Ciberpublicidade e sociabilidades digitais,Sem home page,5758385,FERNANDA ARIANE SILVA CARRERA,Comunicação,EM CONSOLIDACÃO
911656,GCB157-04,Ciências do Mar e Ambientais,Sem home page,26059,HELENICE VITAL,Ciências Exatas e da Terra,CONSOLIDADO
108,GCD110-01,CIÊNCIAS EM CLÍNICAS ODONTOLÓGICAS,Sem home page,21998,SUHEM LAUAR,Ciências da Saúde,CONSOLIDADO
134144638,GEV538-19,Ciências  Morfofuncionais,Sem home page,5760136,EUDES EULER DE SOUZA LUCENA,Morfologia,EM CONSOLIDACÃO
911027,GEA176-06,Ciências Morfológicas,Sem home page,5752476,SERGIO ADRIANE BEZERRA DE MOURA,Morfologia,CONSOLIDADO
97764876,GEC307-13,Círculo de Estudos em Cultura Visual,Sem home page,5752204,ADRIANO CHARLES DA SILVA CRUZ,Comunicação,CONSOLIDADO
11677560,GEB209-09,"Clima, Ambiente, Saúde e Educação",Sem home page,3588459,PAULO SERGIO LUCIO,Probabilidade e Estatística,CONSOLIDADO
132080808,GEC493-18,"COGNIÇÃO, APRENDIZAGEM E INCLUSÃO (GPCAI)",Sem home page,5760304,KATIA REGINA LOPES COSTA FREIRE,Psicologia Cognitiva,EM CONSOLIDACÃO
14227390,GEC217-09,Cognição e Práticas Discursivas,Sem home page,5752248,PAULO HENRIQUE DUQUE,Linguística,CONSOLIDADO
127151828,GEG469-18,Collaborative & Automated Software Engineering (CASE) Research Group,Sem home page,5751871,UIRA KULESZA,Engenharia de Software,EM CONSOLIDACÃO
131,GCC132-02,"COMUNICAÇÃO, CULTURA  E MÍDIA",Sem home page,24851,ADRIANO LOPES GOMES,Sociologia,CONSOLIDADO
50801320,GEF253-10,"Comunicação, Processamento e Análise da Informação",Sem home page,5753665,JOAO PAULO DE SOUZA MEDEIROS,Ciências Exatas e da Terra,CONSOLIDADO
911659,GCG161-05,CONFORTO AMBIENTAL E EFICIÊNCIA ENERGÉTICA,http://www.labcon.ct.ufrn.br,18740,VIRGINIA MARIA DANTAS DE ARAUJO,Engenharias,CONSOLIDADO
89,GCB089-98,ConSiste: Concepção de Sistemas de Computação,Sem home page,23809,THAIS VASCONCELOS BATISTA,Ciência da Computação,CONSOLIDADO
100649153,GEE341-10,CONSTITUIÇÃO FEDERAL BRASILEIRA E SUA CONCRETIZAÇÃO PELA JUSTIÇA CONSTITUCIONAL,Sem home page,5752302,LEONARDO MARTINS,Direito,CONSOLIDADO
94653015,GEE299-12,Contabilidade e Avaliação Econômica e Financeira de Políticas Públicas,Sem home page,26304,ALEXANDRO BARBOSA,Administração,CONSOLIDADO
121452103,GEN415-16,CONTAR - GRUPO DE PESQUISA EM ENSINO DE MATEMÁTICA E LÍNGUA PORTUGUESA,Sem home page,2298994,CLAUDIANNY AMORIM NORONHA,Educação,EM CONSOLIDACÃO
147,GCB145-03,CONTROLADORIA E GESTÃO DE TI,Sem home page,23004,VICTOR BRANCO DE HOLANDA,Ciências Exatas e da Terra,CONSOLIDADO
18,GCG017-00,CONTROLE E ACIONAMENTO DE SISTEMAS,Sem home page,22939,ANDRES ORTIZ SALAZAR,Engenharia Elétrica,CONSOLIDADO
134963796,GEC540-19,CORPOLÍTICA: Grupo de Estudos Interdisciplinares de Práticas Discursivas e Políticas dos Corpos,Sem home page,5757562,JOSENILDO SOARES BEZERRA,Linguística Aplicada,EM CONSOLIDACÃO
114726227,GEF406-16,Corpo: práticas e discursos,Sem home page,5756804,JUCIENE BATISTA FELIX ANDRADE,História,EM CONSOLIDACÃO
44,GCE043-00,"CORPOREIDADE, TRANSDISCIPLINARIDADE E SAÚDE - ECOTRANS",Sem home page,5754400,ANA TANIA LOPES SAMPAIO,Saúde Coletiva,CONSOLIDADO
128833331,GEB522-19,Cosmologia Física,Sem home page,5752277,RAIMUNDO SILVA JUNIOR,Relatividade e Gravitação,EM CONSOLIDACÃO
104910112,GEG351-14,CRIAÇÃO - Inovação de Produtos e Processos em Energias Renováveis,Sem home page,5752845,MARIO ORESTES AGUIRRE GONZALEZ,Engenharia de Produção,CONSOLIDADO
101,GCE101-00,"Crianças, Infâncias, Cultura e Educação",Sem home page,26503,DENISE MARIA DE CARVALHO LOPES,Educação,CONSOLIDADO
84846867,GEC260-11,Crítica integrativa: estudos de literatura e sociedade,Sem home page,5752181,ANDREY PEREIRA DE OLIVEIRA,"Linguística, Letras e Artes",EM CONSOLIDACÃO
106204147,GED408-16,CUIDADOS COM A SAÚDE FEMININA E MATERNO-INFANTIL NA MATERNIDADE JANUÁRIO CICCO.,Sem home page,5752472,JANAINA CRISTIANA DE OLIVEIRA CRISPIM FREITAS,Medicina,EM CONSOLIDACÃO
110605497,GED402-16,"Cuidados em saúde, Tecnologia e Educação em Saúde",Sem home page,5757510,MARIA ALZETE DE LIMA,Enfermagem,EM CONSOLIDACÃO
8977300,GCF121-01,CULTURA E EDUCAÇÃO NO SERIDÓ NORTE-RIO-GRANDENSE,Sem home page,26479,EVA CRISTINI ARRUDA CAMARA BARROS,Ciências Sociais Aplicadas,CONSOLIDADO
54,GCC053-93,"CULTURA, IDENTIDADE E REPRESENTAÇÕES SIMBÓLICAS - CIRS",Sem home page,23828,JULIE ANTOINETTE CAVIGNAC,Sociologia,CONSOLIDADO
53,GCC052-00,"CULTURA, POLÍTICA E EDUCAÇÃO",Sem home page,5755227,JOSE ANTONIO SPINELI LINDOZO,Sociologia,CONSOLIDADO
37,GCE036-98,"CURRICULO, SABERES E PRÁTICAS EDUCATIVAS",Sem home page,22716,MARCIA MARIA GURGEL RIBEIRO,Educação,CONSOLIDADO
50801188,GEJ250-10,Democracia e Gênero em Ciência e Tecnologia,Sem home page,5753009,CARLA GIOVANA CABRAL,Educação,CONSOLIDADO
70,GCD070-00,DESENVOLVIMENTO DE MEDICAMENTOS,Sem home page,23487,ERYVALDO SOCRATES TABOSA DO EGITO,Farmácia,CONSOLIDADO
5410860,GED195-07,DESENVOLVIMENTO HUMANO E FISIOTERAPIA,Sem home page,26043,ELIZABEL DE SOUZA RAMALHO VIANA,Ciências da Saúde,CONSOLIDADO
133656809,GEJ535-19,"Design de Comunicação de Ciência, Tecnologia e Inovação",Sem home page,5753039,ZULMARA VIRGINIA DE CARVALHO,Divulgação Científica,EM CONSOLIDACÃO
911653,GCE154-04,"DIALOGICIDADE, EDUCAÇÃO DE JOVENS E ADULTOS E PRÁTICAS CULTURAIS",Sem home page,22948,ALESSANDRO AUGUSTO DE AZEVEDO,Educação,CONSOLIDADO
128531099,GEB480-18,Dinâmica quântica de sistemas de muitos corpos,Sem home page,5757182,TOMMASO MACRI,Física,EM CONSOLIDACÃO
132503031,GEF492-18,Dinâmica Socioespacial no Semiárido do Nordeste Brasileiro,Sem home page,5753660,DIEGO SALOMAO CANDIDO DE OLIVEIRA SALVADOR,Geografia,EM CONSOLIDACÃO
97782082,GEE331-13,DIREITO ADMINISTRATIVO BRASILEIRO,Sem home page,37428,VLADIMIR DA ROCHA FRANCA,Direito,CONSOLIDADO
130379803,GEE524-19,Direito Digital,Sem home page,5757704,MICHELE NOBREGA ELALI,Direito Civil,EM CONSOLIDACÃO
90678647,GEE329-13,Direito e Desenvolvimento,Sem home page,5753036,PATRICIA BORBA VILAR GUIMARAES,Direito,CONSOLIDADO
911215,GEE184-06,DIREITO E REGULAÇÃO DOS RECURSOS NATURAIS E DA ENERGIA,Sem home page,24348,YANKO MARCIUS DE ALENCAR XAVIER,Direito,CONSOLIDADO
51,GCE050-97,"DIREITO, ESTADO E SOCIEDADE",Sem home page,5758751,FABRICIO GERMANO ALVES,Direito,CONSOLIDADO
14527081,GEE221-09,DIREITO INTERNACIONAL E SOBERANIA DO ESTADO BRASILEIRO: PERSPECTIVAS REGIONAL E UNIVERSAL,Sem home page,4274563,JAHYR PHILIPPE BICHARA,Direito,CONSOLIDADO
135410950,GEE551-19,Direitos Fundamentais e a Linguagem no Direito Criminal,Sem home page,22756,WALTER NUNES DA SILVA JUNIOR,Direito Processual Penal,CONSOLIDADO
123332545,GEF436-17,Direitos Fundamentais e Desenvolvimento Social,Sem home page,5753677,OSWALDO PEREIRA DE LIMA JUNIOR,Direito,EM CONSOLIDACÃO
101244379,GEE363-14,DIREITOS SOCIAIS E CONTEMPORANEIDADE,Sem home page,5752377,ZEU PALMEIRA SOBRINHO,Direito,CONSOLIDADO
57,GCC057-93,DISCURSO E GRAMÁTICA,Sem home page,18721,MARIA ANGELICA FURTADO DA CUNHA,Linguística,CONSOLIDADO
19019760,GCD228-05,"Doenças Crônicas, Endócrinas e Neurológicas",Sem home page,23832,JOSE BRANDAO NETO,Medicina,CONSOLIDADO
110341355,GED448-17,Doenças do Sistema Linfo-Hematopoético,Sem home page,26522,GERALDO BARROSO CAVALCANTI JUNIOR,Medicina,EM CONSOLIDACÃO
97281018,GEC313-13,"ECOAR - Design, Inovação e Sustentabilidade",Sem home page,5753109,OLAVO FONTES MAGALHAES BESSA,Desenho Industrial,CONSOLIDADO
99767938,GEA356-14,Ecologia da Restauração,Sem home page,5752249,GISLENE MARIA DA SILVA GANADE,Ecologia,EM CONSOLIDACÃO
105112979,GEF501-19,Ecologia de Ambientes Hipersalinos,Sem home page,16940,RENATO DE MEDEIROS ROCHA,Ecologia Aplicada,EM CONSOLIDACÃO
97593331,GEA343-13,Ecologia de Paisagens Acústicas,Sem home page,5754261,RENATA SANTORO DE SOUSA LIMA MOBLEY,Ecologia,CONSOLIDADO
101146719,GEA353-14,Ecologia de Populações e Comunidades Vegetais Neotropicais,Sem home page,5753864,ALEXANDRE FADIGAS DE SOUZA,Ecologia,CONSOLIDADO
911024,GEA173-06,Ecologia e Microbiologia de Ecossistemas aquáticos,www.cb.ufrn.br,24795,RENATA DE FÁTIMA PANOSSO,Ciências Biológicas,CONSOLIDADO
103403813,GEA355-14,Ecologia Sensorial,Sem home page,2304092,DANIEL MARQUES DE ALMEIDA PESSOA,Zoologia,EM CONSOLIDACÃO
123398964,GEE441-17,"Ecomsul: Epistemologias e Práticas Emergentes e Transformadoras em Comunicação, Mídias e Cultura",Sem home page,60773,ITAMAR DE MORAIS NOBRE,Comunicação,EM CONSOLIDACÃO
113,GCE115-00,"ECOPEDAGOGIA E ARTETERAPIA: EDUCAÇÃO, SAÚDE E QUALIDADE DE VIDA",Sem home page,21929,NISIA FLORESTA BRASILEIRA AUGUSTA DE PAULA E SOUSA,Ciências Sociais Aplicadas,CONSOLIDADO
92,GCE092-00,ECOS - Escola Contemporânea e Olhar Sociológico,Sem home page,22129,ADIR LUIZ FERREIRA,Educação,CONSOLIDADO
98751757,GEA348-13,Educação em biologia,Sem home page,26028,MAGNOLIA FERNANDES FLORENCIO DE ARAUJO,Biologia Geral,CONSOLIDADO
95384884,GEG304-13,Eletrônica de Potência e Energias Renováveis,Sem home page,23658,RICARDO LUCIO DE ARAUJO RIBEIRO,Engenharia Elétrica,CONSOLIDADO
83,GCB083-98,ELETROQUÍMICA E CORROSÃO,Sem home page,22911,MARIA GORETTE CAVALCANTE,Ciências Exatas e da Terra,CONSOLIDADO
91029309,GEG289-11,Energia e Ambiente,Sem home page,23943,GEORGE SANTOS MARINHO,Engenharia Mecânica,CONSOLIDADO
132022391,GEG472-18,Energias Renováveis aplicadas à Indústria do Petróleo,Sem home page,5753042,MARCOS ALLYSON FELIPE RODRIGUES,Sistemas Híbridos e Sistemas Não-convencionais de Armazenagem de Energia,EM CONSOLIDACÃO
106,GCD108-01,ENFERMAGEM CLÍNICA,Sem home page,26357,GLAUCEA MACIEL DE FARIAS,Ciências da Saúde,CONSOLIDADO
28,GCG027-00,ENGENHARIA DA MOBILIDADE,Sem home page,20680,CLEITON RUBENS FORMIGA BARBOSA,Engenharias,CONSOLIDADO
911652,GCG152-04,Engenharia de Bioprocessos,http://www.eq.ufrn.br,24802,EVERALDO SILVINO DOS SANTOS,Engenharias,CONSOLIDADO
34,GCG033-00,ENGENHARIA DE CUSTOS E PROCESSOS,Sem home page,22721,PAGANDAI VAITHIANATHAN PANNIR SELVAM,Engenharias,CONSOLIDADO
116759596,GEG400-16,"Engenharia de Operações, Otimização e Inovação Organizacional",Sem home page,5757889,HERBERT RICARDO GARCIA VIANA,Engenharia de Produção,EM CONSOLIDACÃO
123353648,GEG442-17,Engenharia Econômica e Gestão Estratégica de Custos - EEGEC,Sem home page,24702,JESUS LEODALY SALAZAR ARAMAYO,Engenharia de Produção,EM CONSOLIDACÃO
9532261,GEC206-08,ENSINO DE CIÊNCIAS E CULTURA,Sem home page,25429,ANDRE FERRER PINTO MARTINS,Ciências Sociais Aplicadas,CONSOLIDADO
133,GCB134-02,ENSINO DE FÍSICA E DE ASTRONOMIA,Sem home page,16943,CICLAMIO LEITE BARRETO,Ciências Exatas e da Terra,CONSOLIDADO
117005949,GEC420-16,Ensino de literatura estrangeira: perspectivas diversas,Sem home page,5757890,ORISON MARDEN BANDEIRA DE MELO JUNIOR,Letras,EM CONSOLIDACÃO
40,GCE039-90,ENSINO E LINGUAGEM,Sem home page,21928,MARLY AMARILHA,Educação,CONSOLIDADO
50936420,GEA255-10,Entomologia Médica e Veterinária,Sem home page,21600,MARIA DE FATIMA FREIRE DE MELO XIMENES,Biologia Geral,EM CONSOLIDACÃO
100837369,GEG347-13,"EÓLICA E SOLAR - INOVACÃO EM MATERIAIS, EQUIPAMENTOS E GESTÃO",Sem home page,18422,MARCIANO FURUKAVA,Engenharia de Materiais e Metalúrgica,CONSOLIDADO
1076790,GED188-07,EPIDEMIOLOGIA E DIAGNÓSTICO EM DOENÇAS INFECCIOSAS E TROPICAIS,Sem home page,22770,EVELINE PIPOLO MILAN,Ciências da Saúde,EM CONSOLIDACÃO
18077320,GEC225-09,Ergodesign e Interação Humano-Computador,Sem home page,5753663,JOSE GUILHERME DA SILVA SANTA ROSA,Desenho Industrial,CONSOLIDADO
121640173,GEC456-17,ESCOM - Estudos em Linguagens da Comunicação,Sem home page,5753605,MICHAEL MANFRED HANKE,Comunicação,EM CONSOLIDACÃO
123423142,GEC432-17,Escritor Plural: estudos pluridisciplinares da obra de Roland Barthes,Sem home page,62667,MARCIO VENICIO BARBOSA,Letras,EM CONSOLIDACÃO
100722487,GEE382-15,ESCRITUR - ESTUDOS CRÍTICOS EM TURISMO,Sem home page,25159,ROSANA MARA MAZARO,Turismo,EM CONSOLIDACÃO
91773312,GEC292-12,"Espaços, Poder e Práticas Sociais",Sem home page,5752748,FRANCISCO DAS CHAGAS FERNANDES SANTIAGO JUNIOR,História,CONSOLIDADO
82,GCB082-00,ESPECTROSCOPIA ELETRÔNICA DE COMPOSTOS DE COORDENAÇÃO E MATERIAIS INORGÂNICOS,Sem home page,22922,FRANCISCO JOSE SANTOS LIMA,Ciências Exatas e da Terra,CONSOLIDADO
2269888,GEC234-10,"ESTABILIDADE, VARIAÇÃO E MUDANÇA LINGUÍSTICA",Sem home page,25438,MARIA ALICE TAVARES,Linguística,CONSOLIDADO
121250337,GEE510-19,"ESTADO, CONSTITUIÇÃO E REALIDADES",Sem home page,3028953,ARTUR CORTEZ BONIFACIO,Direito,EM CONSOLIDACÃO
61,GCC061-99,ESTADO E POLÍTICAS PÚBLICAS,Sem home page,5752186,LINDIJANE DE SOUZA BENTO ALMEIDA,Ciência Política,CONSOLIDADO
95711030,GED303-13,"ESTESIA- GRUPO DE PESQUISA CORPO, FENOMENOLOGIA E MOVIMENTO",Sem home page,22150,TEREZINHA PETRUCIA DA NOBREGA,Educação Física,EM CONSOLIDACÃO
138,GCG139-02,ESTRATÉGIA E GESTÃO DE OPERAÇÕES DE NEGÓCIOS,Sem home page,22742,RUBENS EUGENIO BARRETO RAMOS,Engenharias,CONSOLIDADO
98223497,GEG317-13,Estratégias em Serviços Hospitalares e Inovação em Saúde - ESHIS,Sem home page,5753006,HELIO ROBERTO HEKIS,Engenharia de Produção,CONSOLIDADO
3433620,GEA193-07,ESTRESSES AMBIENTAIS EM PLANTAS E APLICAÇÕES BIOTECNOLOGICAS,www,26153,CRISTIANE ELIZABETH COSTA DE MACEDO,Ciências Biológicas,CONSOLIDADO
108714969,GEC378-15,"ESTÚDIO CONCEITO - arquitetura, urbanismo, planejamento urbano e estudos urbanos",Sem home page,5758689,SARA RAQUEL FERNANDES QUEIROZ DE MEDEIROS,Planejamento Urbano e Regional,EM CONSOLIDACÃO
13,GCA012-00,"ESTUDO DA BIOLOGIA, ECOLOGIA E GENÉTICA DAS MOSCAS DAS FRUTAS",Sem home page,21385,JOAO MARIA GOMES ALENCAR DE SOUZA,Agronomia,CONSOLIDADO
97937250,GEP325-13,Estudo de mecanismos de integração dos sistemas neuroendocrinoimunes na saúde e na doença,Sem home page,5755549,MARIA BERNARDETE CORDEIRO DE SOUSA,Medicina,CONSOLIDADO
135646832,GEE553-19,Estudo e Modelagem de Elementos e Sistemas Estruturais,Sem home page,23842,PETRUS GORGONIO BULHOES DA NOBREGA,Mecânica das Estruturas,CONSOLIDADO
102704898,GEE370-15,Estudos Avançados em Comunicação Organizacional - ECO,Sem home page,5752712,JOSE ZILMAR ALVES DA COSTA,Comunicação,EM CONSOLIDACÃO
5242391,GEE196-07,Estudos Avançados para a Sustentabilidade,http://sol.ccsa.ufrn.br/ccsa/docente/aneide,5754368,JOANA DARC MEDEIROS MARTINS,Administração,CONSOLIDADO
29,GCG028-00,Estudos Contemporâneos do Habitat - ECOHabitat,Sem home page,18689,AMADJA HENRIQUE BORGES,Arquitetura e Urbanismo,CONSOLIDADO
65,GCC065-00,ESTUDOS DA MODERNIDADE: PROCESSOS DE FORMAÇÃO CULTURAL,Sem home page,24352,DERIVALDO DOS SANTOS,Linguística,CONSOLIDADO
152,GCD150-03,"ESTUDOS DA VIDA: HOMEM, NATUREZA E SOCIEDADE",Sem home page,15570,JOAO ROBERTO LIPAROTTI,Ciências da Saúde,CONSOLIDADO
2,GCA001-92,ESTUDOS DO COMPORTAMENTO,Sem home page,22924,ARRILTON ARAUJO DE SOUZA,Biologia Geral,CONSOLIDADO
118867176,GEL403-16,"Estudos em comportamento, alimentos e nutrição",Sem home page,5752552,ANNA CECILIA QUEIROZ DE MEDEIROS,Multidisciplinar,EM CONSOLIDACÃO
102,GCA102-00,ESTUDOS EM CULTURA DE TECIDOS VEGETAIS,Sem home page,21333,MAGDI AHMED IBRAHIM ALOUFA,Ciências Biológicas,CONSOLIDADO
121192136,GEC509-19,Estudos em Design,Sem home page,5758544,RODRIGO NAUMANN BOUFLEUR,Desenho Industrial,EM CONSOLIDACÃO
98431758,GEE312-13,"ESTUDOS EM FILOSOFIA, CIÊNCIA, TECNOLOGIA E SOCIEDADE",Sem home page,5755382,ANGELA LUZIA MIRANDA,Filosofia,CONSOLIDADO
133123484,GED543-19,Estudos em Motricidade Orofacial e Disfagia Orofaríngea,Sem home page,5753032,HIPOLITO VIRGILIO MAGALHAES JUNIOR,Fonoaudiologia,EM CONSOLIDACÃO
59,GCC059-00,ESTUDOS GEOAMBIENTAIS,Sem home page,15370,FERNANDO MOREIRA DA SILVA,Ciências Humanas,CONSOLIDADO
120147618,GEE416-16,Estudos Organizacionais em Gestão de Projetos,Sem home page,22739,MANOEL VERAS DE SOUSA NETO,Administração,EM CONSOLIDACÃO
97962004,GED339-13,Estudos relacionados a cirurgia do aparelho digestivo,Sem home page,5755545,JOSE ROBERTO ALVES,Medicina,CONSOLIDADO
132,GCG133-02,ESTUDOS SOBRE POLUIÇÃO AMBIENTAL (EPA),Sem home page,5753340,KARINA PATRICIA VIEIRA DA CUNHA,Engenharia Sanitária,CONSOLIDADO
130262801,GEC489-18,Estudos Sociocognitivos do Texto (ESCOT),Sem home page,5758392,ERIK FERNANDO MILETTA MARTINS,Teoria e Análise Linguística,EM CONSOLIDACÃO
96014099,GEE311-13,Ética na Administração,Sem home page,23905,ANA PATRICIA RODRIGUES LEITE,Administração,CONSOLIDADO
90683528,GEC281-12,"Etnologia, Tradição, Ambiente e Pesca Artesanal - ETAPA",Sem home page,23859,FRANCISCA DE SOUZA MILLER,Antropologia,CONSOLIDADO
143,GCE142-03,"EXCLUSÃO SOCIAL, SAÚDE E CIDADANIA",Sem home page,24826,JOAO DANTAS PEREIRA,Serviço Social,CONSOLIDADO
91009648,GEC287-12,"Festas, Identidades e Territorialidades",Sem home page,5753413,ALESSANDRO DOZENA,História,CONSOLIDADO
120857424,GEC444-17,"Filologia, Língua e Literatura Antigas (FILIA)",Sem home page,5758473,MARCOS CESAR TINDO BARBOSA,Letras,EM CONSOLIDACÃO
50999331,GEE256-10,FINANÇAS,Sem home page,5753595,VINICIO DE SOUZA E ALMEIDA,Ciências Sociais Aplicadas,CONSOLIDADO
140,GCB140-02,FÍSICA DOS QUASI-CRISTAIS,Sem home page,16786,EUDENILSON LINS DE ALBUQUERQUE,Ciências Exatas e da Terra,CONSOLIDADO
100,GCB100-00,FÍSICA ESTATÍSTICA DE SISTEMAS COOPERATIVOS,Sem home page,17279,ANANIAS MONTEIRO MARIZ,Ciências Exatas e da Terra,CONSOLIDADO
76,GCB076-00,"FÍSICA, ESTATÍSTICA, POLÍMEROS E SIMULAÇÕES",Sem home page,16260,LIACIR DOS SANTOS LUCENA,Ciências Exatas e da Terra,CONSOLIDADO
4878102,GEI249-10,Florestas. Bioenergia e Meio Ambiente,Sem home page,21977,JOSE AUGUSTO DA SILVA SANTANA,Ciências Agrárias,EM CONSOLIDACÃO
114,GCC116-01,"Formação dos Espaços Coloniais: Fontes, Ensino e Pesquisa",Sem home page,5754333,LIGIO JOSE DE OLIVEIRA MAIA,História,CONSOLIDADO
41,GCE040-00,FORMAÇÃO E PROFISSIONALIZAÇÃO DOCENTE,Sem home page,15552,BETANIA LEITE RAMALHO,Ciências Humanas,CONSOLIDADO
11677561,GEB210-09,Formal Methods and Languages Research Laboratory,Sem home page,5751828,MARCEL VINICIUS MEDEIROS OLIVEIRA,Ciência da Computação,CONSOLIDADO
50,GCE049-01,FUNDAMENTOS DA EDUCAÇÃO E PRÁTICAS CULTURAIS,Sem home page,23010,ANTONIO BASILIO NOVAES THOMAZ DE MENEZES,Filosofia,CONSOLIDADO
79,GCB079-00,GCM - Grupo de Catálise e Petroquímica,Sem home page,21609,ANTONIO SOUZA DE ARAUJO,Química,CONSOLIDADO
137113442,GED549-19,GEDINS - Grupo de Estudos sobre Diversidade e Inclusão em Nutrição e Saúde,Sem home page,5754552,URSULA VIANA BAGNI,Análise Nutricional de População,CONSOLIDADO
95132380,GEI401-16,GEFORP - Grupo de Estudos em Forragicultura e Produção de Ruminantes - UFRN,Sem home page,5758711,STELA ANTAS URBANO,Zootecnia,EM CONSOLIDACÃO
146,GCC144-03,"GEMINI - Grupo de Estudos de Mídia - Análises e Pesquisas em Cultura, Processos e Produtos Midiáticos",Sem home page,25986,MARCELO BOLSHAW GOMES,Comunicação,CONSOLIDADO
911210,GEC179-06,"GÊNERO, CORPO E SEXUALIDADE",Sem home page,22941,ELISETE SCHWADE,Antropologia,CONSOLIDADO
47,GCE046-98,"GÊNERO E PRÁTICAS CULTURAIS: ABORDAGENS HISTÓRICAS, EDUCATIVAS E LITERÁRIAS",Sem home page,22718,MARIA ARISNETE CAMARA DE MORAIS,Ciências Humanas,CONSOLIDADO
30,GCG029-02,"GÊNERO, PLANEJAMENTO, MEIO AMBIENTE E DESENVOLVIMENTO",Sem home page,19009,FRANCOISE DOMINIQUE VALERY,Planejamento Urbano e Regional,CONSOLIDADO
11,GCA010-97,GENÉTICA DE RECURSOS MARINHOS,Sem home page,23680,WAGNER FRANCO MOLINA,Ciências Biológicas,CONSOLIDADO
126939647,GEL457-17,Genética e Morfofisiologia da Síndrome de Berardinelli-Seip,Sem home page,5753859,JULLIANE TAMARA ARAUJO DE MELO CAMPOS,Genética,EM CONSOLIDACÃO
102532895,GEB364-14,Geoecologia e Biogeografia de Ambientes Tropicais,Sem home page,5756052,DIOGENES FELIX DA SILVA COSTA,Geociências,CONSOLIDADO
94570129,GEF443-17,Geoecologia e recursos naturais,Sem home page,16940,RENATO DE MEDEIROS ROCHA,Geociências,EM CONSOLIDACÃO
98,GCB098-97,Geologia Sedimentar e Neotectônica,Sem home page,15526,MARCELA MARQUES VIEIRA,Ciências Exatas e da Terra,CONSOLIDADO
91743752,GEC291-12,"GEORISCO - Dinâmicas ambientais, riscos e ordenamento do território",Sem home page,5753612,LUTIANE QUEIROZ DE ALMEIDA,Geografia,CONSOLIDADO
21,GCG020-95,"GEOTECNIA, USOS DO SOLO E MEIO AMBIENTE",Sem home page,22823,OLAVO FRANCISCO DOS SANTOS JUNIOR,Engenharias,CONSOLIDADO
98742538,GEE332-13,GEPPOT  GRUPO DE PESQUISA EM PLANEJAMENTO E ORGANIZAÇÃO DO TURISMO,Sem home page,5755548,WILKER RICARDO DE MENDONCA NOBREGA,Turismo,CONSOLIDADO
137,GCE138-02,GESTÃO DE SISTEMAS E TECNOLOGIAS DE INFORMAÇÃO,Sem home page,22741,ANATALIA SARAIVA MARTINS RAMOS,Administração,CONSOLIDADO
97994639,GED319-13,"GESTÃO, EDUCAÇÃO, TRABALHO E SAÚDE",Sem home page,5752206,JANETE LIMA DE CASTRO,Saúde Coletiva,CONSOLIDADO
124955497,GEE461-18,"GESTÃO, ESPIRITUALIDADE E RELIGIÃO",Sem home page,24896,GABRIEL MARTINS DE ARAUJO FILHO,Administração,EM CONSOLIDACÃO
50999338,GEF257-10,"Gestão Territorial, Sistemas de informação e Cartografia Digital",Sem home page,16940,RENATO DE MEDEIROS ROCHA,Geociências,EM CONSOLIDACÃO
90843541,GEF284-12,"Gestão, Turismo e Políticas Públicas - GEPOLISTUR",Sem home page,24415,ANDREA CRISTINA SANTOS DE JESUS,Administração,CONSOLIDADO
7,GCA006-00,GLICOCONJUGADOS: ESTRUTURA E ATIVIDADES FARMACOLÓGICAS,Sem home page,26013,HUGO ALEXANDRE DE OLIVEIRA ROCHA,Ciências Biológicas,CONSOLIDADO
88682241,GEG274-11,GppCom - Grupo de Pesquisa em Prototipagem Rápida de Soluções para Comunicação,Sem home page,5753604,VICENTE ANGELO DE SOUSA JUNIOR,Engenharia Elétrica,CONSOLIDADO
9532260,GEH205-08,GRUMUS,Sem home page,5758536,TAMAR GENZ GAULKE,Artes,CONSOLIDADO
129605103,GED482-18,Grupo de Estudo em Biomecânica (GEBIO),Sem home page,5759431,LEONIDAS DE OLIVEIRA NETO,Educação Física,EM CONSOLIDACÃO
12474050,GEG192-07,Grupo de Estudo em Estruturas e Materiais de Construção,Sem home page,25443,JOEL ARAUJO DO NASCIMENTO NETO,Engenharias,CONSOLIDADO
107805000,GED452-17,Grupo de Estudo em Ludomotricidade - GEL,Sem home page,5755233,PATRICK RAMON STAFIN COQUEREL,Educação Física,EM CONSOLIDACÃO
68,GCD068-00,GRUPO DE ESTUDO EM SAÚDE BUCAL,Sem home page,22011,MARIA ANGELA FERNANDES FERREIRA,Ciências da Saúde,CONSOLIDADO
2460014,GED237-10,GRUPO DE ESTUDO E PESQUISA EM BIOLOGIA INTEGRATIVA DO EXERCÍCIO,Sem home page,5752953,ALEXANDRE HIDEKI OKANO,Educação Física,CONSOLIDADO
136223856,GED556-19,Grupo de Estudo e Pesquisa em Enfermagem em Centro Cirúrgico e Central de Material e Esterilização,Sem home page,5753497,CRISTIANE RIBEIRO DE MELO LINO,Enfermagem Médico-Cirúrgica,CONSOLIDADO
106644207,GED373-15,"Grupo de Estudo e Pesquisa em Fisiologia do Crescimento, desenvolvimento e desempenho motor",Sem home page,5755812,ARNALDO LUIS MORTATTI,Educação Física,EM CONSOLIDACÃO
122,GCC124-94,GRUPO DE ESTUDOS DA COMPLEXIDADE-GRECOM,Sem home page,18170,MARIA DA CONCEICAO XAVIER DE ALMEIDA,Ciências Sociais Aplicadas,CONSOLIDADO
95897652,GEI407-16,Grupo de Estudos da Salinidade no Semiárido Nordestino,Sem home page,5357693,ROBSON ALEXSANDRO DE SOUSA,Engenharia Agrícola,EM CONSOLIDACÃO
132993622,GEG473-18,Grupo de Estudos de Direito e Regulação das Telecomunicações (GEDIRT),Sem home page,23685,CLAUDIO RODRIGUES MUNIZ DA SILVA,Sistemas de Telecomunicações,EM CONSOLIDACÃO
99,GCB099-93,GRUPO DE ESTUDOS DEMOGRÁFICOS,Sem home page,18200,MARIA CELIA DE CARVALHO FORMIGA,Ciências Sociais Aplicadas,CONSOLIDADO
123,GCE123-94,GRUPO DE ESTUDOS DE PRÁTICAS EDUCATIVAS EM MOVIMENTO-GEPEM,Sem home page,23125,IRENE ALVES DE PAIVA,Educação,CONSOLIDADO
911650,GCG158-05,GRUPO DE ESTUDOS DE TRIBOLOGIA E INTEGRIDADE ESTRUTURAL,Sem home page,18202,JOAO TELESFORO NOBREGA DE MEDEIROS,Engenharia Mecânica,CONSOLIDADO
134639094,GED497-19,"GRUPO DE ESTUDOS EM AVALIAÇÃO DE POLÍTICAS,  PROGRAMAS E SERVIÇOS DE SAÚDE",Sem home page,24040,SEVERINA ALICE DA COSTA UCHOA,Saúde Coletiva,EM CONSOLIDACÃO
16850480,GEE223-09,GRUPO DE ESTUDOS EM ECONOMIA POLÍTICA DO DESENVOLVIMENTO ECONÔMICO - GEEPD,Sem home page,5759516,ESTHER MAJEROWICZ GOUVEIA,Economia,CONSOLIDADO
103616639,GEE365-14,Grupo de Estudos em Gestão do Turismo,Sem home page,5755539,LUIZ AUGUSTO MACHADO MENDES FILHO,Turismo,CONSOLIDADO
98527799,GEE310-13,Grupo de Estudos em Gestão e Economia da Educação (GEGEE),Sem home page,5752012,LUCIANO MENEZES BEZERRA SAMPAIO,Administração,CONSOLIDADO
134904805,GEE555-19,Grupo de Estudos em Lipodistrofias (GEL),Sem home page,25441,JOSIVAN GOMES DE LIMA,Endocrinologia,EM CONSOLIDACÃO
130136429,GEC471-18,Grupo de Estudos em Lógica,Sem home page,5757425,SAMIR BEZERRA GORSKY,Lógica,EM CONSOLIDACÃO
93196961,GEI498-19,Grupo de Estudos em Meliponicultura e Apicultura da UFRN - GEMAPIS,Sem home page,5752909,GUNTHINEIA ALVES DE LIRA,Zootecnia,EM CONSOLIDACÃO
90691640,GEL294-12,"Grupo de Estudos em Metabolismo, Exercício e Nutrição",Sem home page,5754337,ANA PAULA TRUSSARDI FAYH,Nutrição,CONSOLIDADO
96,GCC096-00,GRUPO DE ESTUDOS EM METAFÍSICA E TRADIÇÃO,Sem home page,22824,OSCAR FEDERICO BAUCHWITZ,Ciências Humanas,CONSOLIDADO
118893337,GEI508-19,Grupo de Estudos em Moringa oleífera (GEMOL),Sem home page,23856,MAGDA MARIA GUILHERMINO,Ciência e Tecnologia de Alimentos,EM CONSOLIDACÃO
102831374,GED500-19,Grupo de Estudos em Práticas Farmacêuticas,Sem home page,18908,IVONETE BATISTA DE ARAUJO,Farmácia,EM CONSOLIDACÃO
97,GCD097-98,GRUPO DE ESTUDOS EM SAÚDE COLETIVA,Sem home page,24040,SEVERINA ALICE DA COSTA UCHOA,Ciências da Saúde,CONSOLIDADO
118565957,GEI422-16,GRUPO DE ESTUDOS EM SEMENTES FLORESTAIS - GESFLOR,Sem home page,5752803,MAURO VASCONCELOS PACHECO,Recursos Florestais e Engenharia Florestal,EM CONSOLIDACÃO
123346568,GEG427-17,Grupo de Estudos em Solidificação de Metais e Ligas,Sem home page,5758736,BISMARCK LUIZ SILVA,Engenharia de Materiais e Metalúrgica,EM CONSOLIDACÃO
114496955,GED504-19,Grupo de Estudos em Tecnologia Assistiva (GETA),Sem home page,5752155,PAULO MOREIRA SILVA DANTAS,Educação Física,EM CONSOLIDACÃO
93755560,GEI357-14,Grupo de Estudos e Pesquisa em Agroenergia,Sem home page,5754355,MARCIO DIAS PEREIRA,Agronomia,EM CONSOLIDACÃO
100027103,GED346-13,GRUPO DE ESTUDOS E PESQUISA EM CARDIOLOGIA (GEPECARDIO),Sem home page,64106,ROSIANE VIANA ZUZA DINIZ,Medicina,CONSOLIDADO
98830007,GED336-13,Grupo de Estudos e Pesquisa em Enfermagem Baseada em Evidência (GEPEBE/UFRN),Sem home page,5754604,ALEXSANDRA RODRIGUES FEIJAO,Enfermagem,CONSOLIDADO
13074760,GEE211-09,"Grupo de estudos e pesquisa em espaço, trabalho, inovação e sustentabilidade - GEPETIS",Sem home page,23730,WILLIAM EUFRASIO NUNES PEREIRA,Ciências Sociais Aplicadas,CONSOLIDADO
98024194,GED368-15,GRUPO DE ESTUDOS E PESQUISA EM PSICOBIOLOGIA DO EXERCÍCIO E ESPORTE  GEPPEE,Sem home page,5755393,HASSAN MOHAMED ELSANGEDY,Educação Física,EM CONSOLIDACÃO
126791304,GEE478-18,Grupo de Estudos e Pesquisa em Psicologia Educacional,Sem home page,5756283,CYNARA TEIXEIRA RIBEIRO,Educação,EM CONSOLIDACÃO
1385230,GCE094-00,GRUPO DE ESTUDOS E PESQUISA EM SEGURIDADE SOCIAL E SERVIÇO SOCIAL,Sem home page,19088,MARCIA MARIA DE SA ROCHA,Serviço Social,CONSOLIDADO
93973472,GED318-13,Grupo de Estudos e Pesquisas de Avaliação em Saúde-GEPEAS,Sem home page,5754336,FABIA BARBOSA DE ANDRADE,Saúde Coletiva,CONSOLIDADO
93375577,GEN376-15,"Grupo de Estudos e Pesquisas ""Educação com Crianças de Zero a Três Anos",Sem home page,23203,NAIRE JANE CAPISTRANO,Educação,EM CONSOLIDACÃO
132189089,GEN532-19,Grupo de Estudos e Pesquisas em Educação Inclusiva a partir de Vygotski (GEPEIVyg),Sem home page,5758395,ADRIANE CENCI,Educação Especial,EM CONSOLIDACÃO
13568960,GEA214-09,GRUPO DE ESTUDOS E PESQUISAS EM EDUCAÇÃO MÉDICA,Sem home page,25939,ELAINE LIRA MEDEIROS,Medicina,CONSOLIDADO
43,GCE042-00,GRUPO DE ESTUDOS E PESQUISAS EM GESTÃO INSTITUCIONAL E POLÍTICAS PÚBLICAS,Sem home page,5756793,FABIO RESENDE DE ARAUJO,Administração,CONSOLIDADO
129,GCE130-02,Grupo de Estudos e Pesquisas em Meios de Comunicação e Educação,Sem home page,5758416,CIBELLE AMORIM MARTINS,Educação,CONSOLIDADO
91041198,GEE290-12,"Grupo de Estudos e Pesquisas em Questão Social, Política Social e Serviço Social",Sem home page,5755037,EDLA HOFFMANN,Serviço Social,CONSOLIDADO
7033240,GED199-08,GRUPO DE ESTUDOS E PESQUISAS EM REABILITAÇÃO ORAL - GEPRO,www.ciade.dod.ufrn.br,2257775,GUSTAVO AUGUSTO SEABRA BARBOSA,Odontologia,CONSOLIDADO
130339056,GEB485-18,Grupo de Estudos e Pesquisas em Tecnologias para a Educação Científica,Sem home page,5757185,MILTON THIAGO SCHIVANI ALVES,Tecnologia Educacional,EM CONSOLIDACÃO
60,GCC060-00,GRUPO DE ESTUDOS E PESQUISAS SOBRE O TRABALHO - GEPET,Sem home page,5751673,JORGE TARCISIO DA ROCHA FALCAO,Psicologia,CONSOLIDADO
64,GCC064-99,GRUPO DE ESTUDOS INTER-AÇÕES PESSOA-AMBIENTE,Sem home page,18229,JOSE DE QUEIROZ PINHEIRO,Ciências Humanas,CONSOLIDADO
123452618,GEB455-17,Grupo de Estudos Observacionais e de Modelagem da Interação Biosfera-Atmosfera,Sem home page,5756337,BERGSON GUEDES BEZERRA,Meteorologia Aplicada,EM CONSOLIDACÃO
118,GCC120-01,GRUPO DE ESTUDOS PSICOLOGIA E SAÚDE - GEPPS,Sem home page,18150,EULALIA MARIA CHAVES MAIA,Ciências Humanas,CONSOLIDADO
117,GCC119-01,GRUPO DE ESTUDOS SOBRE CULTURAS POPULARES,Sem home page,20803,LUIZ CARVALHO DE ASSUNCAO,Ciências Humanas,CONSOLIDADO
95491992,GEC359-14,Grupo de Estudos Trabalho Estado e Sociedade - GETES,Sem home page,5754627,CESAR SANSON,Sociologia,EM CONSOLIDACÃO
72,GCB072-00,GRUPO DE MATERIAIS E TECNOLOGIA DO PÓ,Sem home page,16988,UILAME UMBELINO GOMES,Engenharias,CONSOLIDADO
16,GCG015-00,GRUPO DE MICROONDAS E ANTENAS,Sem home page,16931,ADAILDO GOMES D ASSUNCAO,Engenharias,CONSOLIDADO
103,GCD105-01,GRUPO DE PESQUISA CORPO E CULTURA DE MOVIMENTO,Sem home page,22992,JOSE PEREIRA DE MELO,Ciências da Saúde,CONSOLIDADO
85199138,GCA263-10,GRUPO DE PESQUISA DE AMBIENTES AQUÁTICOS,Sem home page,5753378,FULVIO AURELIO DE MORAIS FREIRE,Ciências Biológicas,CONSOLIDADO
127364281,GEE518-19,Grupo de pesquisa de direito empresarial e empreendedorismo - GrupEmp,Sem home page,22759,CLEANTO FORTUNATO DA SILVA,Direito Comercial,EM CONSOLIDACÃO
100499761,GEB369-15,Grupo de Pesquisa de Modelagem e Observação de Química da Atmosfera (GP-MOQA),Sem home page,5754324,JUDITH JOHANNA HOELZEMANN,Geociências,EM CONSOLIDACÃO
120157805,GEH459-18,Grupo de pesquisa de prática de instrumentos musicais,Sem home page,5751745,RADEGUNDIS ARANHA TAVARES FEITOSA,Artes,EM CONSOLIDACÃO
117977322,GEC419-16,"GRUPO DE PESQUISA EDUCAÇÃO, LINGUAGEM E SURDEZ",Sem home page,5757652,LARALIS NUNES DE SOUSA OLIVEIRA,Multidisciplinar,EM CONSOLIDACÃO
114879085,GED390-16,Grupo de Pesquisa e Estudos em Saúde Coletiva,Sem home page,5756285,CECILIA NOGUEIRA VALENCA,Saúde Coletiva,EM CONSOLIDACÃO
118894690,GED412-16,Grupo de Pesquisa e Inovação Tecnológica em Saúde de Caicó - PITES,Sem home page,5756238,MARCELO DOS SANTOS,Engenharia Biomédica,EM CONSOLIDACÃO
100670900,GED361-14,Grupo de Pesquisa em Alimentação Coletiva - GPAC,Sem home page,5752994,PRISCILLA MOURA ROLIM,Nutrição,CONSOLIDADO
911026,GEC175-06,Grupo de Pesquisa em Análise Textual dos Discursos,Sem home page,20788,MARIA DAS GRACAS SOARES RODRIGUES,Linguística,CONSOLIDADO
95169514,GEB302-12,Grupo de Pesquisa em Artefatos Físicos de Interação (PAIRG),Sem home page,5754320,LEONARDO CUNHA DE MIRANDA,Ciência da Computação,EM CONSOLIDACÃO
122872847,GEF449-17,Grupo de Pesquisa em Ciências e Tecnologias Aeroespaciais - GP CTA,Sem home page,5753754,JOSE HENRIQUE FERNANDEZ,Geociências,EM CONSOLIDACÃO
1155520,GCC164-05,"Grupo de Pesquisa em Corpo, Dança e Processos de Criação - CIRANDAR",Sem home page,5755030,MARCILIO DE SOUZA VIEIRA,Artes,CONSOLIDADO
92083358,GEE316-13,"GRUPO DE PESQUISA EM EDUCAÇÃO, AUDITORIA E PERÍCIA CONTÁBIL",Sem home page,2301337,ERIVAN FERREIRA BORGES,Administração,CONSOLIDADO
134376769,GEV537-19,Grupo de Pesquisa em Educação e Trabalho Interprofissional em Saúde  GRUPETIS,Sem home page,5760134,MARCELO VIANA DA COSTA,Saúde Coletiva,EM CONSOLIDACÃO
129965734,GEF484-18,Grupo de Pesquisa em Ensino de Geografia,Sem home page,5753660,DIEGO SALOMAO CANDIDO DE OLIVEIRA SALVADOR,Geografia,EM CONSOLIDACÃO
118841459,GEC421-16,Grupo de Pesquisa em Estrutura e Evolução de Paisagens do Quaternário,Sem home page,5758430,RODRIGO DE FREITAS AMORIM,Geografia,EM CONSOLIDACÃO
3020127,GEC241-10,Grupo de Pesquisa em Estudos do Texto e do Discurso - GETED,Sem home page,5752278,SULEMI FABIANO CAMPOS,Linguística,CONSOLIDADO
106969395,GEC386-15,Grupo de Pesquisa em Estudos Hispânicos e Ensino,Sem home page,5753093,ALEXANDRO TEIXEIRA GOMES,Letras,EM CONSOLIDACÃO
95385020,GEC305-13,Grupo de Pesquisa em Estudos Irlandeses,Sem home page,26007,ANA GRACA CANAN,Letras,CONSOLIDADO
99064429,GEE333-13,Grupo de Pesquisa em Estudos Organizacionais,Sem home page,24344,CARLOS ALBERTO FREIRE MEDEIROS,Administração,EM CONSOLIDACÃO
100319988,GEC320-13,Grupo de Pesquisa em Ética e Filosofia Política,Sem home page,5754631,MARIA CRISTINA LONGO CARDOSO DIAS,Filosofia,CONSOLIDADO
122863586,GEF447-17,Grupo de Pesquisa em Gerenciamento dos Riscos e Desastres Naturais (GENAT),Sem home page,5758017,SAULO ROBERTO DE OLIVEIRA VITAL,Geociências,EM CONSOLIDACÃO
148,GCF146-03,"GRUPO DE PESQUISA EM GESTÃO, TRABALHO E POLÍTICAS EDUCACIONAIS - GETEPE",Sem home page,23063,ANTONIO LISBOA LEITAO DE SOUZA,Ciências Humanas,CONSOLIDADO
129833868,GEG474-18,Grupo de Pesquisa em Indústria 4.0,Sem home page,5757550,ORIVALDO VIEIRA DE SANTANA JUNIOR,Ciência da Computação,EM CONSOLIDACÃO
133289823,GET536-19,GRUPO DE PESQUISA EM INOVAÇÃO E TECNOLOGIA EM SAÚDE,Sem home page,5759298,ANNA GISELLE CAMARA DANTAS RIBEIRO RODRIGUES,Engenharia Médica,EM CONSOLIDACÃO
123771163,GEC511-19,Grupo de pesquisa em lógica e teoria da informação,Sem home page,5757425,SAMIR BEZERRA GORSKY,Filosofia,EM CONSOLIDACÃO
106941077,GED366-14,Grupo de Pesquisa em Motricidade e Fisiologia Humana,Sem home page,5753682,ROBERTA DE OLIVEIRA CACHO,Fisioterapia e Terapia Ocupacional,CONSOLIDADO
134288065,GED548-19,Grupo de Pesquisa em Qualidade do Cuidado e do Ensino de Saúde,Sem home page,5756366,PETALA TUANI CANDIDO DE OLIVEIRA SALVADOR,Saúde Coletiva,EM CONSOLIDACÃO
129226174,GED466-18,Grupo de Pesquisa em Saúde e Bem estar,Sem home page,23673,ANA KATHERINE DA SILVEIRA GONCALVES DE OLIVEIRA,Medicina,EM CONSOLIDACÃO
115683609,GEL387-16,GRUPO DE PESQUISA EM SAÚDE E FUNCIONALIDADE - GESAF,Sem home page,5757432,EGMAR LONGO HULL,Fisioterapia e Terapia Ocupacional,EM CONSOLIDACÃO
85541463,GED267-11,GRUPO DE PESQUISA EM SAÚDE FEMININA,Sem home page,23673,ANA KATHERINE DA SILVEIRA GONCALVES DE OLIVEIRA,Medicina,CONSOLIDADO
119397535,GEB424-17,Grupo de Pesquisa em Serviços e Aplicações para Internet do Futuro,Sem home page,5755408,AUGUSTO JOSE VENANCIO NETO,Ciência da Computação,EM CONSOLIDACÃO
127322120,GEB517-19,Grupo de Pesquisa em Tecnologias Energéticas - GPTEN,Sem home page,5753699,LUCIENE DA SILVA SANTOS,Química Analítica,EM CONSOLIDACÃO
116943429,GET418-16,Grupo de Pesquisa em TI aplicado à Fisioterapia,Sem home page,5757619,JULIO CESAR PAULINO DE MELO,Fisioterapia e Terapia Ocupacional,EM CONSOLIDACÃO
98448579,GED334-13,Grupo de Pesquisa em Tuberculose da Universidade Federal do Rio Grande do Norte (GTB-UFRN)RN,Sem home page,5755462,ERIKA SIMONE GALVAO PINTO,Saúde Coletiva,CONSOLIDADO
115,GCC117-01,GRUPO DE PESQUISA ESPAÇO E PODER,Sem home page,22745,BEATRIZ MARIA SOARES PONTES,Ciências Humanas,CONSOLIDADO
131757865,GEF486-18,"Grupo de pesquisa interdisciplinar das ciências contábeis, ambientais e de saúde",Sem home page,25988,LUZIANA MARIA NUNES DE QUEIROZ,Técnicas de Análise e Avaliação Urbana e Regional,EM CONSOLIDACÃO
117483263,GEC395-16,Grupo de Pesquisa multilíngue voltado para a aquisição da competência tradutória,Sem home page,2273348,KATIA AILY FRANCO DE CAMARGO,Letras,EM CONSOLIDACÃO
94845564,GEC358-14,"Grupo de Pesquisa Neurociências Aplicadas, Processos Básicos e Cronobiologia",Sem home page,5752506,KATIE MORAES DE ALMONDES,Psicologia,CONSOLIDADO
2228952,GEC231-10,Grupo de Pesquisa Ponte Literária Hispano-brasileira,Sem home page,17967,FRANCISCO IVAN DA SILVA,"Linguística, Letras e Artes",CONSOLIDADO
115139141,GEE487-18,"GRUPO DE PESQUISAS APLICADAS AO SETOR PÚBLICO: ADMINISTRAÇÃO, CONTABILIDADE E FINANÇAS",Sem home page,5754694,CLAUDIO BEZERRA DANTAS,Administração,EM CONSOLIDACÃO
2228981,GEC232-10,Grupo de Pesquisas em Ensino-Aprendizagem de Línguas Estrangeiras,Sem home page,22990,SELMA ALAS MARTINS,Linguística,CONSOLIDADO
122778346,GEE429-17,Grupo de Pesquisas em Marcas e Marketing,Sem home page,5752207,LISSA VALERIA FERNANDES FERREIRA,Comunicação,EM CONSOLIDACÃO
55,GCC054-95,GRUPO DE PESQUISAS MARXISMO E EDUCAÇÃO,Sem home page,23731,ISABEL MARIA FARIAS FERNANDES DE OLIVEIRA,Psicologia,CONSOLIDADO
123948621,GEE431-17,Grupo de Pesquisa sobre Economia Criativa e Desenvolvimento Humano,Sem home page,5758709,ANDERSON CRISTOPHER DOS SANTOS,Planejamento Urbano e Regional,EM CONSOLIDACÃO
92990114,GED315-13,GRUPO DE PESQUISA SOBRE EFEITOS AGUDOS E CRÔNICOS DO EXERCÍCIO,Sem home page,5755033,EDUARDO CALDAS COSTA,Educação Física,CONSOLIDADO
134435094,GEC546-19,GRUPO DE PESQUISA SOCIAL - GPS UFRN,Sem home page,5760430,CARLOS EDUARDO FREITAS,Fundamentos da Sociologia,EM CONSOLIDACÃO
130687429,GEC468-18,Grupo de Pesquisa Território e Desenvolvimento,Sem home page,5752271,FRANCISCO FRANSUALDO DE AZEVEDO,Geografia Econômica,EM CONSOLIDACÃO
109981930,GEN381-15,GRUPO DE POLÍTICA DO ENSINO SUPERIOR,Sem home page,26242,ALDA MARIA DUARTE ARAÚJO CASTRO,Educação,EM CONSOLIDACÃO
117793057,GEG425-17,Grupo de Síntese Química de Materiais Cerâmicos (GSQMaC),Sem home page,5753617,FABIANA VILLELA DA MOTTA,Engenharia de Materiais e Metalúrgica,EM CONSOLIDACÃO
125544372,GEB450-17,Grupo de transporte em nanoestruturas,Sem home page,5756348,LUIZ FELIPE CAVALCANTI PEREIRA,Física,EM CONSOLIDACÃO
107536607,GEC375-15,Grupo Eduardo Galeano de Estudos e Pesquisas Latino-Americanas em Comunicação Social.,Sem home page,5756452,ADRIANO MEDEIROS COSTA,Comunicação,EM CONSOLIDACÃO
135254185,GEB545-19,Grupo integrado de pesquisa em equações diferenciais parciais elípticas não lineares,Sem home page,5760259,DIEGO FERRAZ DE SOUZA,Equações Diferenciais Parciais,EM CONSOLIDACÃO
13087280,GEE212-09,GRUPO INTERDISCIPLINAR DE ESTUDOS E AVALIAÇÃO DE POLÍTICAS PÚBLICAS - GIAPP,Sem home page,22702,JOAO MATOS FILHO,Economia,CONSOLIDADO
4821540,GEL244-10,"Grupo Interdisciplinar de Estudos em Ciência, Saúde e Sociedade",Sem home page,5752023,THAIZA TEIXEIRA XAVIER NOBRE,Saúde Coletiva,CONSOLIDADO
115017057,GET394-16,Grupo Interdisciplinar de Estudos e Pesquisas em Informática na Educação (GIIfE),Sem home page,5757088,DENNYS LEITE MAIA,Educação,EM CONSOLIDACÃO
48,GCE047-99,"GRUPO INTERDISCIPLINAR DE PESQUISA, FORMAÇÃO, AUTOBIOGRAFIA, REPRESENTAÇÕES SOCIAIS",Sem home page,26633,MARIA DA CONCEICAO FERRER BOTELHO SGADARI PASSEGGI,Ciências Humanas,CONSOLIDADO
100095796,GEB344-13,Grupo Potiguar de Estudos e Pesquisas em Historia da Educação Matemática,Sem home page,5752196,LILIANE DOS SANTOS GUTIERRE,Educação,EM CONSOLIDACÃO
127915229,GEH521-19,"GRUVIO - Grupo de Estudos sobre o Violoncelo, Violino, Viola e Contrabaixo nos Séculos XX e XXI",Sem home page,5751546,FABIO SOREN PRESGRAVE,Instrumentação Musical,EM CONSOLIDACÃO
133093384,GEG542-19,"Healthcare, Engineering and Industrial Innovation Research Group",Sem home page,5757891,RICARDO PIRES DE SOUZA,Processos Estocásticos e Teoria das Filas,EM CONSOLIDACÃO
106548363,GEA414-16,HIDEAS - Segurança Alimentar e Sustentabilidade,Sem home page,5752166,SUELI APARECIDA MOREIRA,Oceanografia,EM CONSOLIDACÃO
1080230,GEB190-07,HIDROGEOLOGIA E GEOQUÍMICA AMBIENTAL,Sem home page,18769,JOSE GERALDO DE MELO,Ciências Exatas e da Terra,CONSOLIDADO
2386381,GEF236-10,"História, Cultura e Poder",Sem home page,26221,JAILMA MARIA DE LIMA,História,CONSOLIDADO
84997874,GEG261-11,"História da Cidade, do Território e do Urbanismo - HCUrb",Sem home page,18767,ANGELA LUCIA DE ARAUJO FERREIRA,Planejamento Urbano e Regional,CONSOLIDADO
123853045,GEF439-17,História dos sertões,Sem home page,25154,JOEL CARLOS DE SOUZA ANDRADE,História,EM CONSOLIDACÃO
8999630,GEE203-08,HISTÓRIA E EDUCAÇÃO,Sem home page,21947,TANIA CRISTINA MEIRA GARCIA,Educação,CONSOLIDADO
84846696,GEE259-11,"IMAGEM, MERCADO E TECNOLOGIA",Sem home page,5752192,LUIS ROBERTO ROSSI DEL CARRATORE,Ciências Sociais Aplicadas,CONSOLIDADO
124530515,GED513-19,IMPACTOS DAS VIOLÊNCIAS NO CAMPO DA SAÚDE,Sem home page,5752648,OSWALDO GOMES CORREA NEGRAO,Saúde Coletiva,EM CONSOLIDACÃO
2624481,GED240-10,Incubadora de Procedimentos de Enfermagem,Sem home page,23112,GILSON DE VASCONCELOS TORRES,Enfermagem,CONSOLIDADO
5242392,GEE197-08,INFORMAÇÃO NA SOCIEDADE CONTEMPORÂNEA,www.,23920,LUCIANA DE ALBUQUERQUE MOREIRA,Ciência da Informação,CONSOLIDADO
131956679,GED527-19,Inovação em Fármacos e medicamentos,Sem home page,5756303,ADLEY ANTONINI NEVES DE LIMA,Farmacotecnia,EM CONSOLIDACÃO
106068714,GEG367-15,Instrumentação e Microeletrônica,Sem home page,5753987,SEBASTIAN YURI CAVALCANTI CATUNDA,Engenharia Elétrica,EM CONSOLIDACÃO
89008644,GEF278-11,Inteligência Computacional Aplicada a Negócios,Sem home page,5752382,FLAVIUS DA LUZ E GORGONIO,Ciências Exatas e da Terra,CONSOLIDADO
100319098,GEP314-13,Investigação de Transtornos Psiquiátricos pelas Neurociências,Sem home page,5752650,DRAULIO BARROS DE ARAUJO,Psicologia,EM CONSOLIDACÃO
132127992,GEC530-19,Itinerários de mulheres e seu acesso ao Estado - Avaliação de práticas de intersetorialidade,Sem home page,5759716,ANA GRETEL ECHAZU,Antropologia Urbana,EM CONSOLIDACÃO
115313197,GEE541-19,"JUDITE - JUstiça, DIreito e TEcnologia.",Sem home page,5757437,RODRIGO COSTA FERREIRA,Direito,EM CONSOLIDACÃO
4,GCA003-00,LABORATÓRIO DE CRONOBIOLOGIA,Sem home page,23679,CAROLINA VIRGINIA MACEDO DE AZEVEDO,Ciências Biológicas,CONSOLIDADO
95866480,GEN326-13,"Laboratório de Educação Aplicada às Novas Tecnologias,  Mídias  Interativas  e Estudos  Étnico-Raciais (LENTE)",Sem home page,5752792,MARIA DE FATIMA GARCIA,Educação,CONSOLIDADO
3,GCA002-89,Laboratório de Endocrinologia Comportamental,Sem home page,5755549,MARIA BERNARDETE CORDEIRO DE SOUSA,Zoologia,CONSOLIDADO
126112843,GEF451-17,Laboratório de Estudos Lexicais - LABLEX,Sem home page,5757898,MARCIO SALES SANTIAGO,Linguística,EM CONSOLIDACÃO
95385089,GEC306-13,Laboratório de Estudos Rurais,Sem home page,5752187,CIMONE ROZENDO DE SOUZA,Sociologia,CONSOLIDADO
116749146,GEC506-19,Laboratório de Experimentação em História Social,Sem home page,5752300,CARMEN MARGARIDA OLIVEIRA ALVEAL,História Moderna e Contemporânea,EM CONSOLIDACÃO
85199087,GEG262-11,Laboratório de Inovação Tecnológica em Saúde,Sem home page,5753362,RICARDO ALEXSANDRO DE MEDEIROS VALENTIM,Engenharia Biomédica,CONSOLIDADO
2624438,GED238-10,"Laboratório de investigação do cuidado, segurança, tecnologias em saúde e enfermagem",Sem home page,5754547,VIVIANE EUZEBIA PEREIRA SANTOS,Enfermagem,CONSOLIDADO
123814368,GEP512-19,Laboratório de Neurogenética,Sem home page,5757096,TARCISO ANDRE FERREIRA VELHO,Biofísica,EM CONSOLIDACÃO
116359675,GEB392-16,Laboratório de Peneiras Moleculares - LABPEMOL,Sem home page,5753414,SIBELE BERENICE CASTELLA PERGHER,Química,EM CONSOLIDACÃO
103981603,GEC380-15,Laboratório de Pesquisa e Extensão em Neuropsicologia,Sem home page,2301545,IZABEL AUGUSTA HAZIN PIRES,Psicologia,EM CONSOLIDACÃO
127691077,GED460-18,Laboratório de Pesquisa em saúde e Enfermagem no cuidado às Pessoas em condições Agudas e Crônicas (LAPAC),Sem home page,5752214,RICHARDSON AUGUSTO ROSENDO DA SILVA,Enfermagem,EM CONSOLIDACÃO
118696239,GED423-17,"Laboratório de Pesquisas Saberes, Saúde e Sociedade",Sem home page,5757724,ANA LUIZA DE OLIVEIRA E OLIVEIRA,Saúde Coletiva,CONSOLIDADO
101750864,GED352-14,Laboratório de Pesquisas Sociais em Medicina e Saúde,Sem home page,5756260,LUCAS PEREIRA DE MELO,Saúde Coletiva,CONSOLIDADO
91996466,GED488-18,Laboratório de Química Farmacêutica Computacional,Sem home page,5754558,EUZEBIO GUIMARAES BARBOSA,Farmacotecnia,EM CONSOLIDACÃO
132000989,GED528-19,Laboratório de Síntese Orgânica de Moléculas Bioativas,Sem home page,5760245,ALESSANDRO KAPPEL JORDAO,Farmácia,EM CONSOLIDACÃO
126284345,GEE496-18,"Laboratório Interdisciplinar Sociedades, Ambientes e Territórios (LISAT)",Sem home page,5755561,ZORAIDE SOUZA PESSOA,Aspectos Físico-Ambientais do Planejamento Urbano e Regional,EM CONSOLIDACÃO
2050913,GEG228-09,Laboratórios Associados Natalnet,Sem home page,24792,LUIZ MARCOS GARCIA GONCALVES,Ciência da Computação,EM CONSOLIDACÃO
133193872,GEC533-19,LETHS- Laboratório de Estudos em Tanatologia e Humanização das práticas em Saúde,Sem home page,22923,GEORGIA SIBELE NOGUEIRA DA SILVA,Psicologia,EM CONSOLIDACÃO
49,GCC048-02,LETRAMENTO E ETNOGRAFIA,Sem home page,15548,MARIA DO SOCORRO OLIVEIRA,Linguística,CONSOLIDADO
117009255,GEC398-16,Linguagem e Processos Cognitivos,Sem home page,5757111,MAHAYANA CRISTINA GODOY,Linguística,EM CONSOLIDACÃO
145,GCC143-02,"LINGUAGENS DA CENA: IMAGEM, CULTURA E REPRESENTAÇÃO",Sem home page,5753061,MARIA DE LURDES BARROS DA PAIXAO,Artes,CONSOLIDADO
123336496,GEC476-18,LITERATURA DE AUTORIA FEMININA,Sem home page,5758382,MAURO DUNDER,Letras,EM CONSOLIDACÃO
2332217,GEF235-10,LITERATURA E SOCIEDADE,Sem home page,23193,VALDENIDES CABRAL DE ARAÚJO DIAS,Linguística,EM CONSOLIDACÃO
39,GCC038-97,"LÓGICA, CONHECIMENTO E ÉTICA",www,25431,DANIEL DURANTE PEREIRA ALVES,Filosofia,CONSOLIDADO
87,GCB087-97,"Lógica, Linguagem, Informação, Teoria e Aplicações",Sem home page,26044,BENJAMIN RENE CALLEJAS BEDREGAL,Ciência da Computação,CONSOLIDADO
73,GCB073-00,MAGNETISMO E MATERIAIS MAGNÉTICOS,Sem home page,16849,ARTUR DA SILVA CARRICO,Ciências Exatas e da Terra,CONSOLIDADO
120131958,GED475-18,Marcadores moleculares nas doenças complexas,Sem home page,26212,ADRIANA AUGUSTO DE REZENDE,Farmácia,EM CONSOLIDACÃO
97750794,GEC323-13,Marginália - Grupo de Estudos Transdisciplinares em Comunicação e Cultura,Sem home page,25907,ALEXSANDRO GALENO ARAUJO DANTAS,Comunicação,CONSOLIDADO
106985326,GEB372-15,Matemática Aplicada,Sem home page,5755031,EDGAR SILVA PEREIRA,Matemática,EM CONSOLIDACÃO
13771210,GEB215-09,MATEMÁTICA APLICADA,Sem home page,5755031,EDGAR SILVA PEREIRA,Matemática,CONSOLIDADO
112,GCB114-01,MATEMÁTICA E CULTURA,Sem home page,23205,BERNADETE BARBOSA MOREY,Matemática,CONSOLIDADO
85541394,GEJ266-11,MATERIAIS AVANÇADOS E MODELAGEM COMPUTACIONAL,Sem home page,5753041,BRAULIO SILVA BARROS,Engenharia de Materiais e Metalúrgica,EM CONSOLIDACÃO
33,GCG032-00,MATERIAIS COMPÓSITOS E CERÂMICOS,Sem home page,18677,EVE MARIA FREIRE DE AQUINO,Engenharias,CONSOLIDADO
91,GCB091-00,MATERIAIS HÍBRIDOS,www,23840,RICARDO SILVEIRA NASAR,Química,CONSOLIDADO
97863467,GEG328-13,Materiais Têxteis e Ciência do Conforto,Sem home page,5754328,NEIL DE OLIVEIRA LIMA FILHO,Engenharia Textil,EM CONSOLIDACÃO
9524540,GEC204-08,MATIZES - GRUPO DE PESQUISA EM CULTURA VISUAL,Sem home page,5751769,EVERARDO ARAUJO RAMOS,Linguística,CONSOLIDADO
22,GCG021-00,MECÂNICA COMPUTACIONAL,Sem home page,60551,CARLOS MAGNO DE LIMA,Engenharias,CONSOLIDADO
108255461,GED377-15,Melhoria da Qualidade em Serviços de Saúde - QualiSaúde,Sem home page,5754293,ZENEWTON ANDRÉ DA SILVA GAMA,Saúde Coletiva,EM CONSOLIDACÃO
911020,GCC168-06,MEMÓRIA E NARRATIVAS: ESPAÇOS DA HISTÓRIA,Sem home page,23166,MARIA DA CONCEICAO FRAGA,História,CONSOLIDADO
127270528,GEC458-18,Metafísica Contemporânea,Sem home page,5756609,DAX FONSECA MORAES PAES NASCIMENTO,Metafísica,EM CONSOLIDACÃO
91849162,GEE295-12,Método do Caso,Sem home page,5752011,MARIA VALERIA PEREIRA DE ARAUJO,Administração,CONSOLIDADO
118572166,GEC430-17,Metodologia de pesquisa em música: Núcleo de projetos de pesquisa e a consolidação de novas propostas para pesquisar na área específica (Influência da música na aprendizagem).,Sem home page,34240,VALERIA LAZARO DE CARVALHO,Artes,EM CONSOLIDACÃO
117682718,GEG396-16,"Microrreologia de blendas, compósitos e nanocompósitos poliméricos",Sem home page,5751827,EDSON NORIYUKI ITO,Engenharia de Materiais e Metalúrgica,EM CONSOLIDACÃO
92151077,GEB356-14,Modelagem climática e de sistemas complexos,Sem home page,5754111,DAVID MENDES,Geociências,CONSOLIDADO
118881674,GEG434-17,Modelagem e Análise Científica de Dados,Sem home page,23033,LUIZ AFFONSO HENDERSON GUEDES DE OLIVEIRA,Engenharia Elétrica,EM CONSOLIDACÃO
124916473,GEG445-17,Modelagem e Simulação de Biossistemas,Sem home page,5755418,BEATRIZ STRANSKY FERREIRA,Multidisciplinar,EM CONSOLIDACÃO
94747491,GEG322-13,"Modelagem, Identificação e Controle de Sistemas Agrários",Sem home page,25090,JOSENALDE BARBOSA DE OLIVEIRA,Engenharia Elétrica,EM CONSOLIDACÃO
126820819,GEB515-19,Modelagem Matemática e Computacional em Meios Porosos,Sem home page,5753716,SIDARTA ARAUJO DE LIMA,Análise Numérica,EM CONSOLIDACÃO
150,GCG148-03,"MODELAGEM, SIMULAÇÃO E ANÁLISE EM ENGENHARIA QUÍMICA E DE PETRÓLEO- (GRADIVA)",Sem home page,23918,VANJA MARIA DE FRANCA BEZERRA,Engenharias,CONSOLIDADO
14527080,GEC220-09,"Modos de Subjetivação, Políticas Públicas e Contextos de Vulnerabilidades",Sem home page,5753245,JADER FERREIRA LEITE,Psicologia,CONSOLIDADO
110,GCG112-01,MORFOLOGIA E USOS DA ARQUITETURA - MUsA,Sem home page,21355,EDJA BEZERRA FARIA TRIGUEIRO,Arquitetura e Urbanismo,CONSOLIDADO
104,GCD106-01,MOVIMENTO E SAÚDE,Sem home page,21734,RICARDO OLIVEIRA GUERRA,Fisioterapia e Terapia Ocupacional,CONSOLIDADO
18077321,GEC226-09,"MYTHOS-LOGOS: Religião, Mito e Espiritualidade",Sem home page,22940,ANA LAUDELINA FERREIRA GOMES,Sociologia,CONSOLIDADO
4821574,GEG245-10,NAGI - Núcleo Aplicado à Gestão & Inovação,Sem home page,5752667,JAMERSON VIEGAS QUEIROZ,Engenharia de Produção,CONSOLIDADO
89008515,GEB276-11,Nanoestruturas magnéticas e semicondutoras,Sem home page,26026,CARLOS CHESMAN DE ARAUJO FEITOSA,Ciências Exatas e da Terra,CONSOLIDADO
116,GCC118-01,NAVIS NÚCLEO DE ANTROPOLOGIA VISUAL,Sem home page,22944,LISABETE CORADINI,Ciências Humanas,CONSOLIDADO
104400402,GEJ354-14,Negócios Tecnológicos,Sem home page,5753011,EFRAIN PANTALEON MATAMOROS,Tecnologia e Inovação,EM CONSOLIDACÃO
131219657,GEG526-19,"NESCAF - NÚCLEO DE ESTUDOS EM SAÚDE DA CRIANÇA, ADOLESCENTE E FAMÍLIA",Sem home page,130617,PAULA FERNANDA BRANDAO BATISTA DOS SANTOS,Enfermagem Pediátrica,EM CONSOLIDACÃO
3020663,GEA243-10,Neuroanatomia Funcional e Evolutiva,Sem home page,5751841,EXPEDITO SILVA DO NASCIMENTO JUNIOR,Morfologia,CONSOLIDADO
87402437,GEC271-11,Neurociências Cognitiva e Comportamental,Sem home page,5751852,ANTONIO PEREIRA JUNIOR,Ciências Humanas,CONSOLIDADO
124886033,GEG514-19,Neuroengenharia e Engenharia de Reabilitação.,Sem home page,5753350,GEORGE CARLOS DO NASCIMENTO,Engenharia Biomédica,EM CONSOLIDACÃO
122903236,GED438-17,"NEUROex: Grupo de Estudos e Pesquisa em Atividade Física, Cognição e Comportamento",Sem home page,5757543,EDUARDO BODNARIUC FONTES,Educação Física,EM CONSOLIDACÃO
113236795,GEA384-15,Neurofisiologia Computacional,Sem home page,5752802,ADRIANO BRETANHA LOPES TORT,Fisiologia,EM CONSOLIDACÃO
103806713,GEA446-17,Neuropsicofarmacologia,Sem home page,5751875,ELAINE CRISTINA GAVIOLI,Farmacologia,EM CONSOLIDACÃO
125956652,GED465-17,NEURORREABILITAÇÃO,Sem home page,21732,TANIA FERNANDES CAMPOS,Fisioterapia e Terapia Ocupacional,EM CONSOLIDACÃO
97713120,GEE338-13,"NÚCLEO DE ANÁLISE ECONÔMICA MULTISSETORIAL, ESTRATÉGICA E CONJUNTURAL - NEMEC",Sem home page,26268,ANDRE LUIS CABRAL DE LOURENCO,Economia,CONSOLIDADO
42,GCE041-00,Núcleo de Economia Aplicada e Conjuntura Econômica - NEAC,Sem home page,5758555,DIEGO DE MARIA ANDRE,Economia,CONSOLIDADO
113351089,GEF503-19,Núcleo de Estudos e Extensão para o Desenvolvimento do Seridó,Sem home page,5756616,MARCOS ADLLER DE ALMEIDA NASCIMENTO,Administração,EM CONSOLIDACÃO
132712056,GEE491-18,Núcleo de Estudos em Economia e Políticas para o Desenvolvimento Rural,Sem home page,5758588,THALES AUGUSTO MEDEIROS PENHA,Economia Agrária,EM CONSOLIDACÃO
126,GCC104-01,NÚCLEO DE ESTUDOS EM PSICOLOGIA HISTÓRICO-CULTURAL,Sem home page,25980,HERCULANO RICARDO CAMPOS,Psicologia,CONSOLIDADO
114304598,GEB413-16,NÚCLEO DE ESTUDOS ENERGÉTICOS EM REJEITOS NATURAIS,Sem home page,21730,ADEMIR OLIVEIRA DA SILVA,Multidisciplinar,EM CONSOLIDACÃO
132486440,GED490-18,Núcleo de Estudos e Pesquisas em Dermatologia e Estomaterapia (NEPeDE),Sem home page,5755511,ISABELLE KATHERINNE FERNANDES COSTA,Enfermagem Médico-Cirúrgica,EM CONSOLIDACÃO
95064889,GED324-13,Núcleo de Estudos e Pesquisas em Enfermagem Clínica - (NEPEC),Sem home page,5753624,ALLYNE FORTES VITOR,Enfermagem,CONSOLIDADO
133131429,GED534-19,Núcleo de Estudos e Pesquisas em Enfermagem em Nefrologia (NEPEN),Sem home page,5757834,ANA ELZA OLIVEIRA DE MENDONCA,Enfermagem Médico-Cirúrgica,EM CONSOLIDACÃO
114225267,GED391-16,"Núcleo de Estudos e Pesquisas em Urgência, Emergência e Terapia Intensiva (NEPET)",Sem home page,5757048,DANIELE VIEIRA DANTAS,Enfermagem,EM CONSOLIDACÃO
137732282,GEE550-19,NÚCLEO DE ESTUDOS E PESQUISA SOBRE AS INFÂNCIAS,Sem home page,5753600,SANDRO DA SILVA CORDEIRO,Educação,CONSOLIDADO
62,GCC062-00,NÚCLEO DE ESTUDO SOBRE O TRABALHO,Sem home page,21596,ELEONORA BEZERRA DE MELO TINOCO,Ciências Humanas,CONSOLIDADO
119733859,GEC433-17,Núcleo de Estudos Portugueses,Sem home page,5758382,MAURO DUNDER,Letras,EM CONSOLIDACÃO
101331184,GEE345-13,NÚCLEO DE INOVAÇÃO NA GESTÃO PÚBLICA,Sem home page,5753060,HIRONOBU SANO,Administração,CONSOLIDADO
95391037,GEC327-13,Núcleo Transdisciplinar de Pesquisa em Artes Cênicas e Espetaculares- NACE,Sem home page,5760148,ADRIANO MORAES DE OLIVEIRA,Artes,CONSOLIDADO
911211,GEC180-06,NUECS-DH - Núcleo de Estudos Críticos em Subjetividades Contemporâneas e Direitos Humanos,Sem home page,22013,ALIPIO DE SOUSA FILHO,Sociologia,CONSOLIDADO
103358936,GED353-14,Nutrição e alimentação de suínos e aves,Sem home page,5756414,JOSE APARECIDO MOREIRA,Zootecnia,CONSOLIDADO
117225645,GED405-16,Nutrição e substâncias bioativas para saúde,Sem home page,5752200,ANA HELONEIDA DE ARAUJO MORAIS,Nutrição,EM CONSOLIDACÃO
130570009,GEE470-18,Observatório de Direito Internacional do Rio Grande do Norte,Sem home page,5752505,MARCO BRUNO MIRANDA CLEMENTINO,Direito Internacional Privado,EM CONSOLIDACÃO
132194740,GEI494-18,"Observatório de Mídias, Atualidades e Divulgação Científica e Cultural",Sem home page,5759926,THIAGO MANCHINI DE CAMPOS,Divulgação Científica,EM CONSOLIDACÃO
98190872,GED340-13,OBSERVATÓRIO DE SAÚDE MENTAL,Sem home page,22062,MAURICIO ROBERTO CAMPELO DE MACEDO,Saúde Coletiva,EM CONSOLIDACÃO
94583594,GES297-12,O cuidar na saúde na perspectiva multiprofissional,Sem home page,5753636,SILVANA ALVES PEREIRA,Enfermagem,CONSOLIDADO
117343073,GEA435-17,Oncologia Molecular,Sem home page,5757828,TIRZAH BRAZ PETTA LAJUS,Genética,EM CONSOLIDACÃO
97336441,GEE321-13,O Processo e o Acesso à Justiça,Sem home page,23157,JOSE ORLANDO RIBEIRO ROSARIO,Direito,CONSOLIDADO
96077235,GEA330-13,Optogenética,Sem home page,5753818,RICHARDSON NAVES LEAO,Fisiologia,EM CONSOLIDACÃO
8974201,GEC202-08,OS ESPAÇOS NA MODERNIDADE,Sem home page,22809,RAIMUNDO PEREIRA ALENCAR ARRAIS,História,CONSOLIDADO
2385994,GCB113-01,Otimização combinatória e desenvolvimento de sistemas computacionais de apoio à decisão,Sem home page,17621,DARIO JOSE ALOISE,Ciências Exatas e da Terra,CONSOLIDADO
17,GCG016-95,OTIMIZAÇÃO E SUPERVISÃO DE SISTEMAS ELÉTRICOS E INDUSTRIAIS,Sem home page,17421,MANOEL FIRMINO DE MEDEIROS JUNIOR,Engenharias,CONSOLIDADO
109661347,GEE389-16,Para além das escolhas de determinação judicial de pena: entre o dogmático e o empírico,Sem home page,5753090,KEITY MARA FERREIRA DE SOUZA E SABOYA,Direito,EM CONSOLIDACÃO
67,GCD067-92,PATOLOGIA ORAL,Sem home page,26621,LEAO PEREIRA PINTO,Ciências da Saúde,CONSOLIDADO
101279722,GEG351-14,PEGADAS: PROJETOS DE ENGENHARIA E GESTÃO APLICADOS AO DESENVOLVIMENTO AMBIENTAL E SOCIAL,Sem home page,5756115,SANDRA RUFINO SANTOS,Engenharia de Produção,CONSOLIDADO
97019312,GEG499-19,Pesquisa e Desenvolvimento em Materiais Metálicos,Sem home page,5754365,MAURÍCIO MHIRDAUI PERES,Engenharia de Materiais e Metalúrgica,EM CONSOLIDACÃO
124394036,GEE462-18,PESQUISA E DESENVOLVIMENTO EMPRESARIAL,Sem home page,24896,GABRIEL MARTINS DE ARAUJO FILHO,Administração,EM CONSOLIDACÃO
127090703,GEN516-19,Pesquisa e Ensino em Geografia,Sem home page,5758417,RAIMUNDO NONATO JUNIOR,Geografia,EM CONSOLIDACÃO
50936282,GEG254-10,Pesquisa Operacional e Logística - POLO,Sem home page,5755045,WERNER KLEYSON DA SILVA SOARES,Engenharia de Produção,CONSOLIDADO
911023,GEA171-06,PESQUISAS EM FARMACOLOGIA,www,26270,AURIGENA ANTUNES DE ARAUJO,Farmacologia,CONSOLIDADO
2050958,GED230-09,"Pesquisa, Tecnologia e Inovação em Controle de Qualidade de Medicamentos",Sem home page,25847,CICERO FLAVIO SOARES ARAGAO,Farmácia,CONSOLIDADO
129654304,GEC483-18,PHI DESIGN: FILOSOFIA DO DESIGN,Sem home page,26169,TASSOS LYCURGO GALVAO NUNES,Desenho de Produto,EM CONSOLIDACÃO
13087450,GEA213-09,PLASTICIDADE MORFOFUNCIONAL DOS SISTEMAS ORGÂNICOS. MICROSCOPIA CELULAR E TECIDUAL,Sem home page,2262005,NAIANNE KELLY CLEBIS,Morfologia,CONSOLIDADO
93,GCE093-00,"PODER LOCAL, DESENVOLVIMENTO E POLÍTICAS PÚBLICAS",Sem home page,24350,JOAO BOSCO ARAUJO DA COSTA,Ciência Política,CONSOLIDADO
93261771,GEC296-12,Poder Local e Gestão Pública no Brasil,Sem home page,3588483,ANTONIO SERGIO ARAUJO FERNANDES,Ciência Política,CONSOLIDADO
132068775,GEC529-19,Poéticas do tempo,Sem home page,5760275,RODRIGO ALMEIDA FERREIRA,Cinema,EM CONSOLIDACÃO
134931130,GEC539-19,"POLÍTICA, PRODUÇÃO DE SUBJETIVIDADE E PRÁTICAS DE RESISTÊNCIA",Sem home page,5752257,ANA KARENINA DE MELO ARRAES AMORIM,Psicologia,EM CONSOLIDACÃO
153,GCE151-04,POLÍTICAS E GESTÃO DA EDUCAÇAO,Sem home page,26590,MAGNA FRANCA,Educação,CONSOLIDADO
18952640,GEC227-09,"PRAGMA - Pragmática da Comunicação e da Mídia: teorias, linguagens, indústrias culturais e cidadania",Sem home page,5752663,JUCIANO DE SOUSA LACERDA,Comunicação,CONSOLIDADO
125,GCD128-01,PRÁTICAS ASSISTENCIAIS E EPIDEMIOLÓGICAS EM SAÚDE E ENFERMAGEM,Sem home page,5752167,ANA LUISA BRANDAO DE CARVALHO LIRA,Enfermagem,CONSOLIDADO
911213,GEC182-06,Práticas discursivas na contemporaneidade,Sem home page,22792,MARIA DA PENHA CASADO ALVES,Linguística,CONSOLIDADO
144,GCF141-02,PRÁTICAS LINGUÍSTICAS DIFERENCIADAS,Sem home page,5754323,ANTONIO GENARIO PINHEIRO DOS SANTOS,Linguística,CONSOLIDADO
75,GCB075-00,PROCESSAMENTO DE MATERIAIS POR PLASMA,Sem home page,18765,CLODOMIRO ALVES JUNIOR,Engenharias,CONSOLIDADO
118696510,GEG410-16,Processamento de Sinais e Redes Elétricas Inteligentes,Sem home page,5753711,FLAVIO BEZERRA COSTA,Engenharia Elétrica,EM CONSOLIDACÃO
85074788,GEB247-10,PROCESSAMENTO GRÁFICO E INTELIGÊNCIA COMPUTACIONAL,Sem home page,5752447,MARCELO FERREIRA SIQUEIRA,Ciência da Computação,EM CONSOLIDACÃO
118928129,GEI417-16,Produção vegetal,Sem home page,5754355,MARCIO DIAS PEREIRA,Agronomia,EM CONSOLIDACÃO
134,GCG103-02,PRODUTOS NATURAIS,Sem home page,18121,RASIAH LADCHUMANANANDASIVAM,Engenharias,CONSOLIDADO
91022811,GED288-12,Produtos Naturais Bioativos (PNBio),Sem home page,5753064,SILVANA MARIA ZUCOLOTTO LANGASSNER,Farmácia,EM CONSOLIDACÃO
912460,GCG165-05,PROJETAR - Projeto de Arquitetura e Percepção do Ambiente,www.projedata.ct.ufrn.br,24346,MAISA FERNANDES DUTRA VELOSO,Engenharias,CONSOLIDADO
106469506,GEG502-19,Prototipagem Rápida e Simulação Biomecânica na Saúde,Sem home page,5753553,KARILANY DANTAS COUTINHO,Engenharia Biomédica,EM CONSOLIDACÃO
133395306,GEO544-19,Quantum Information and Quantum Matter Group,Sem home page,5760209,RAFAEL CHAVES SOUTO ARAUJO,Física Clássica e Física Quântica; Mecânica e Campos,EM CONSOLIDACÃO
81,GCB081-04,QUÍMICA ANALÍTICA APLICADA,Sem home page,23681,JAILSON VIEIRA DE MELO,Ciências Exatas e da Terra,CONSOLIDADO
911021,GEB169-06,QUÍMICA ANALÍTICA E MEIO AMBIENTE,www.ufrn.br,36449,NEDJA SUELY FERNANDES,Química,EM CONSOLIDACÃO
85541355,GEB265-11,QUÍMICA BIOLÓGICA E QUIMIOMETRIA,Sem home page,5752662,KASSIO MICHELL GOMES DE LIMA,Química,CONSOLIDADO
78,GCB078-94,QUIMICA DE POLÍMEROS,Sem home page,22812,ROSANGELA DE CARVALHO BALABAN,Ciências Exatas e da Terra,CONSOLIDADO
103788964,GEB397-16,"Química, ensino e aprendizagem",Sem home page,2288465,MARCIA GORETTE LIMA DA SILVA,Educação,EM CONSOLIDACÃO
80,GCB080-00,QUÍMICA INORGÂNICA E MATERIAIS,Sem home page,20873,DULCE MARIA DE ARAUJO MELO,Ciências Exatas e da Terra,CONSOLIDADO
27,GCG026-00,RECURSOS HÍDRICOS E SANEAMENTO AMBIENTAL,Sem home page,24794,ARTHUR MATTOS,Engenharias,CONSOLIDADO
90707392,GEB280-12,Rede Radônio no Rio Grande do Norte (RnRN),Sem home page,21586,THOMAS FERREIRA DA COSTA CAMPOS,Geociências,EM CONSOLIDACÃO
85832151,GEE268-11,REPRESENTAÇÕES SOCIAIS E EDUCAÇÃO,Sem home page,26322,ERIKA DOS REIS GUSMAO ANDRADE,Educação,CONSOLIDADO
124917328,GEA454-17,Reprogramação direta de linhagem celular,Sem home page,5752182,MARCOS ROMUALDO COSTA,Biologia Geral,EM CONSOLIDACÃO
128394328,GEG479-18,Research Group on Advanced Diamond Cutting Tools and Powder Metallurgy,Sem home page,5759439,MEYSAM MASHHADIKARIMI,Metalurgia de Pó,EM CONSOLIDACÃO
118861832,GED409-16,Ritmos Biológicos e Medicina do Sono (RITMES),Sem home page,5756286,FABIANA BARBOSA GONCALVES,Medicina,EM CONSOLIDACÃO
155,GEG172-06,ROBÓTICA E SISTEMAS DEDICADOS,www,23956,PABLO JAVIER ALSINA,Engenharias,EM CONSOLIDACÃO
121,GCD125-01,SAÚDE DA MULHER,Sem home page,22753,ANA CRISTINA PINHEIRO FERNANDES DE ARAUJO,Medicina,CONSOLIDADO
129383729,GED523-19,Saúde e Ambiente,Sem home page,5759708,HERBERT ARY ARZABE ANTEZAMA COSTA NOBREGA SISENANDO,Análise Toxicológica,EM CONSOLIDACÃO
85399228,GED264-11,Saúde e Sociedade,Sem home page,5756366,PETALA TUANI CANDIDO DE OLIVEIRA SALVADOR,Enfermagem,CONSOLIDADO
11460960,GEC207-09,"SAÚDE, GÊNERO, TRABALHO E MEIO AMBIENTE",Sem home page,25708,LORE FORTES,Sociologia,CONSOLIDADO
95950321,GEN467-18,Sertania e Educação,Sem home page,5758376,ROSSANA KESS BRITO DE SOUZA PINHEIRO,Educação,EM CONSOLIDACÃO
97193555,GEB399-16,Sismologia,Sem home page,5754275,JORDI JULIA CASAS,Geociências,EM CONSOLIDACÃO
124917711,GEJ557-19,Sismologia em Foco,Sem home page,5757166,PAULO HENRIQUE SOUSA DE OLIVEIRA,Sismologia,EM CONSOLIDACÃO
8130160,GEA200-08,Sistemas Complexos em Biofísica,Sem home page,3527585,UMBERTO LAINO FULCO,Biofísica,CONSOLIDADO
118689549,GEG437-17,Sistemas de Computação e Comumicações Energeticamente Eficientes,Sem home page,5752286,SAMUEL XAVIER DE SOUZA,Engenharia Elétrica,EM CONSOLIDACÃO
5,GCA004-00,SISTEMAS DE DEGRADAÇÃO DE PROTEÍNAS E CARBOIDRATOS,Sem home page,22728,ELIZEU ANTUNES DOS SANTOS,Ciências Biológicas,CONSOLIDADO
126223715,GEG477-18,Sistemas embarcados e microeletrônica,Sem home page,5753099,SAMAHERNI MORAIS DIAS,Engenharia Elétrica,EM CONSOLIDACÃO
131091697,GEG525-19,Sistemas Inteligentes,Sem home page,18741,ADRIAO DUARTE DORIA NETO,Engenharia Elétrica,EM CONSOLIDACÃO
20,GCG019-97,SISTEMAS INTELIGENTES,Sem home page,21342,JORGE DANTAS DE MELO,Engenharias,CONSOLIDADO
103337635,GEB371-15,SISTEMAS PETROLÍFEROS,Sem home page,23108,FRANCISCO PINHEIRO LIMA FILHO,Geociências,EM CONSOLIDACÃO
911657,GCA159-05,SISTEMÁTICA E BIOECOLOGIA DA ENTOMOFAUNA,http://www.ufrn.br,3020219,ADRIANA MONTEIRO DE ALMEIDA,Ciências Biológicas,CONSOLIDADO
151,GCA149-03,"SISTEMÁTICA, ECOLOGIA E CONSERVAÇÃO DA BIODIVERSIDADE DOS ECOSSISTEMAS NORDESTINOS",Sem home page,22188,ELIZA MARIA XAVIER FREIRE,Ciências Biológicas,CONSOLIDADO
3020513,GEA242-10,Sistemática e Ecologia de Fungos,Sem home page,5753053,BRUNO TOMIO GOTO,Botânica,CONSOLIDADO
89008238,GEA275-11,"Sistemática, florística e evolução de plantas",Sem home page,5753056,LEONARDO DE MELO VERSIEUX,Ciências Biológicas,EM CONSOLIDACÃO
3433621,GEF194-07,SOCIEDADE E ESPAÇO,www,21931,IONE RODRIGUES DINIZ MORAIS,Ciências Humanas,EM CONSOLIDACÃO
113352428,GEC383-15,Socioeconomia do Meio Ambiente e Política Ambiental,Sem home page,5755036,FABIO FONSECA FIGUEIREDO,Planejamento Urbano e Regional,EM CONSOLIDACÃO
911655,GCC156-04,SUBJETIVIDADE E DESENVOLVIMENTO HUMANO,www.cchla.ufrn.br/psicologia,18643,ELZA MARIA DO SOCORRO DUTRA,Ciências Humanas,CONSOLIDADO
98975686,GEG411-16,SustentAção - Grupo de Pesquisa e Extensão em Sustentabilidade,Sem home page,5752812,CILIANA REGINA COLOMBO,Engenharia de Produção,EM CONSOLIDACÃO
23,GCG022-84,TECFOTON - TELECOMUNICAÇÕES E FOTÔNICA,Sem home page,18185,HUMBERTO CESAR CHAVES FERNANDES,Engenharia Elétrica,CONSOLIDADO
77,GCB077-00,TECNOLOGIA DE TENSOATIVOS,Sem home page,18409,AFONSO AVELINO DANTAS NETO,Engenharias,CONSOLIDADO
127591003,GEE463-18,Tecnologia e Gestão da Informação e do Conhecimento,Sem home page,5756336,FERNANDO LUIZ VECHIATO,Processos da Comunicação,EM CONSOLIDACÃO
36,GCG035-99,TECNOLOGIA MINERAL,Sem home page,24347,RAQUEL FRANCO DE SOUZA,Engenharia de Transportes,CONSOLIDADO
1076791,GEG189-07,TECNOLOGIA SUPERCRÍTICA APLICADA A PRODUTOS NATURAIS E PRODUÇÃO DE BIODIESEL,www.ufrn.br,2289300,CAMILA GAMBINI PEREIRA,Engenharias,CONSOLIDADO
103962650,GEB374-15,Teoria Clássica dos Campos,Sem home page,5756590,MARIO OTAVIO SALLES,Matemática,EM CONSOLIDACÃO
136208528,GEE547-2019,Teoria Crítica das Organizações,Sem home page,5760164,MAX LEANDRO DE ARAUJO BRITO,Administração,EM CONSOLIDACÃO
122670184,GEC428-17,"TEORIA DA HISTÓRIA, HISTORIOGRAFIA E HISTÓRIA DOS ESPAÇOS",Sem home page,130657,RENATO AMADO PEIXOTO,História,EM CONSOLIDACÃO
88,GCB088-00,TEORIA DOS GRAFOS E ALGORITMOS,Sem home page,22933,MARCO CESAR GOLDBARG,Ciências Exatas e da Terra,CONSOLIDADO
26,GCG025-97,TERMOCIÊNCIAS E ENERGIAS RENOVÁVEIS,Sem home page,22703,JOSE WILSON LAGE NOGUEIRA,Engenharias,CONSOLIDADO
25,GCG024-00,TERMODINÂMICA E REATORES CATALÍTICOS,Sem home page,20904,CARLSON PEREIRA DE SOUZA,Engenharia Química,CONSOLIDADO
91773402,GEC293-12,TERRITORIUM - Planejamento Territorial e Geografia Política,Sem home page,5751762,CELSO DONIZETE LOCATEL,Geografia,CONSOLIDADO
99560528,GEC335-13,"Texto, Gramática e Ensino",Sem home page,5752773,CLEMILTON LOPES PINHEIRO,Linguística,CONSOLIDADO
52,GCF051-00,"Trabalho, Ética e Direitos",Sem home page,22890,SILVANA MARA DE MORAIS DOS SANTOS,Ciências Sociais Aplicadas,CONSOLIDADO
84,GCB084-90,TRANSFERÊNCIA DE MASSA E FLUIDO NA CROSTA TERRESTRE,Sem home page,21586,THOMAS FERREIRA DA COSTA CAMPOS,Ciências Exatas e da Terra,CONSOLIDADO
114628005,GEF393-16,"TURISMO, SOCIEDADE & TERRITÓRIO",Sem home page,5753878,MARCELO DA SILVA TAVEIRA,Turismo,EM CONSOLIDACÃO
95,GCC095-95,Unidade Interdisciplinar de Estudos sobre a Habitação e o Espaço Construído,Sem home page,20785,EDNA MARIA FURTADO,Planejamento Urbano e Regional,CONSOLIDADO
90843596,GEC285-12,"Violência, trabalho e ilegalismos",Sem home page,5756084,CLAUDIO ROBERTO DE JESUS,Planejamento Urbano e Regional,CONSOLIDADO
95508470,GEA342-13,Vislab,Sem home page,5753879,SERGIO TULIO NEUENSCHWANDER MACIEL,Fisiologia,EM CONSOLIDACÃO
